NPs,Toxicity,coresize,hydrosize,surfcharge,surfarea,Hsf,Ec,Ev,MeO,Expotime,dosage,enthalpy,ratio,e,esum,esumbyo,MW,NMetal,NOxygen,ox,viability,class,Cellline,Celltype
Al2O3,0,39.7,267,36.3,64.7,-17.345,-1.51,-9.81,5.67,24,0.001,1187.83,5.556,1.61,3.22,1.073,101.96,2,3,3,92.5258,nonToxic,HCMEC,Normal
Al2O3,0,39.7,267,36.3,64.7,-17.345,-1.51,-9.81,5.67,24,0.01,1187.83,5.556,1.61,3.22,1.073,101.96,2,3,3,96.134,nonToxic,HCMEC,Normal
Al2O3,0,39.7,267,36.3,64.7,-17.345,-1.51,-9.81,5.67,24,0.1,1187.83,5.556,1.61,3.22,1.073,101.96,2,3,3,93.5567,nonToxic,HCMEC,Normal
Al2O3,0,39.7,267,36.3,64.7,-17.345,-1.51,-9.81,5.67,24,1,1187.83,5.556,1.61,3.22,1.073,101.96,2,3,3,97.6804,nonToxic,HCMEC,Normal
Al2O3,0,39.7,267,36.3,64.7,-17.345,-1.51,-9.81,5.67,24,5,1187.83,5.556,1.61,3.22,1.073,101.96,2,3,3,94.8454,nonToxic,HCMEC,Normal
Al2O3,0,39.7,267,36.3,64.7,-17.345,-1.51,-9.81,5.67,24,10,1187.83,5.556,1.61,3.22,1.073,101.96,2,3,3,96.3918,nonToxic,HCMEC,Normal
Al2O3,0,39.7,267,36.3,64.7,-17.345,-1.51,-9.81,5.67,24,20,1187.83,5.556,1.61,3.22,1.073,101.96,2,3,3,92.268,nonToxic,HCMEC,Normal
Al2O3,0,39.7,267,36.3,64.7,-17.345,-1.51,-9.81,5.67,24,50,1187.83,5.556,1.61,3.22,1.073,101.96,2,3,3,92.268,nonToxic,HCMEC,Normal
Al2O3,0,39.7,267,36.3,64.7,-17.345,-1.51,-9.81,5.67,24,100,1187.83,5.556,1.61,3.22,1.073,101.96,2,3,3,82.732,nonToxic,HCMEC,Normal
Al2O3,0,39.7,267,36.3,64.7,-17.345,-1.51,-9.81,5.67,12,0.001,1187.83,5.556,1.61,3.22,1.073,101.96,2,3,3,95.6897,nonToxic,HCMEC,Normal
Al2O3,0,39.7,267,36.3,64.7,-17.345,-1.51,-9.81,5.67,12,0.01,1187.83,5.556,1.61,3.22,1.073,101.96,2,3,3,94.4828,nonToxic,HCMEC,Normal
Al2O3,0,39.7,267,36.3,64.7,-17.345,-1.51,-9.81,5.67,12,0.1,1187.83,5.556,1.61,3.22,1.073,101.96,2,3,3,96.8966,nonToxic,HCMEC,Normal
Al2O3,0,39.7,267,36.3,64.7,-17.345,-1.51,-9.81,5.67,12,1,1187.83,5.556,1.61,3.22,1.073,101.96,2,3,3,99.4828,nonToxic,HCMEC,Normal
Al2O3,0,39.7,267,36.3,64.7,-17.345,-1.51,-9.81,5.67,12,5,1187.83,5.556,1.61,3.22,1.073,101.96,2,3,3,94.6552,nonToxic,HCMEC,Normal
Al2O3,0,39.7,267,36.3,64.7,-17.345,-1.51,-9.81,5.67,12,10,1187.83,5.556,1.61,3.22,1.073,101.96,2,3,3,95.431,nonToxic,HCMEC,Normal
Al2O3,0,39.7,267,36.3,64.7,-17.345,-1.51,-9.81,5.67,12,20,1187.83,5.556,1.61,3.22,1.073,101.96,2,3,3,94.3966,nonToxic,HCMEC,Normal
Al2O3,0,39.7,267,36.3,64.7,-17.345,-1.51,-9.81,5.67,12,50,1187.83,5.556,1.61,3.22,1.073,101.96,2,3,3,96.4655,nonToxic,HCMEC,Normal
Al2O3,0,39.7,267,36.3,64.7,-17.345,-1.51,-9.81,5.67,12,100,1187.83,5.556,1.61,3.22,1.073,101.96,2,3,3,91.0345,nonToxic,HCMEC,Normal
CuO,0,46.3,239,42.8,24.1,-1.609,-5.17,-6.51,5.87,24,0.001,713.74,2.74,1.9,1.9,1.9,79.546,1,1,2,96.134,nonToxic,HCMEC,Normal
CuO,0,46.3,239,42.8,24.1,-1.609,-5.17,-6.51,5.87,24,0.01,713.74,2.74,1.9,1.9,1.9,79.546,1,1,2,100,nonToxic,HCMEC,Normal
CuO,0,46.3,239,42.8,24.1,-1.609,-5.17,-6.51,5.87,24,0.1,713.74,2.74,1.9,1.9,1.9,79.546,1,1,2,95.3608,nonToxic,HCMEC,Normal
CuO,0,46.3,239,42.8,24.1,-1.609,-5.17,-6.51,5.87,24,1,713.74,2.74,1.9,1.9,1.9,79.546,1,1,2,96.6495,nonToxic,HCMEC,Normal
CuO,0,46.3,239,42.8,24.1,-1.609,-5.17,-6.51,5.87,24,5,713.74,2.74,1.9,1.9,1.9,79.546,1,1,2,74.7423,nonToxic,HCMEC,Normal
CuO,0,46.3,239,42.8,24.1,-1.609,-5.17,-6.51,5.87,12,0.001,713.74,2.74,1.9,1.9,1.9,79.546,1,1,2,96.9828,nonToxic,HCMEC,Normal
CuO,0,46.3,239,42.8,24.1,-1.609,-5.17,-6.51,5.87,12,0.01,713.74,2.74,1.9,1.9,1.9,79.546,1,1,2,94.6552,nonToxic,HCMEC,Normal
CuO,0,46.3,239,42.8,24.1,-1.609,-5.17,-6.51,5.87,12,0.1,713.74,2.74,1.9,1.9,1.9,79.546,1,1,2,95.431,nonToxic,HCMEC,Normal
CuO,0,46.3,239,42.8,24.1,-1.609,-5.17,-6.51,5.87,12,1,713.74,2.74,1.9,1.9,1.9,79.546,1,1,2,98.2759,nonToxic,HCMEC,Normal
CuO,0,46.3,239,42.8,24.1,-1.609,-5.17,-6.51,5.87,12,5,713.74,2.74,1.9,1.9,1.9,79.546,1,1,2,82.2414,nonToxic,HCMEC,Normal
CuO,0,46.3,239,42.8,24.1,-1.609,-5.17,-6.51,5.87,12,10,713.74,2.74,1.9,1.9,1.9,79.546,1,1,2,62.3276,nonToxic,HCMEC,Normal
Fe2O3,0,42.5,957,-8.2,82.8,-8.512,-4.99,-6.99,5.98,24,0.001,1363.4,5.455,1.83,3.66,1.22,159.6,2,3,3,96.8912,nonToxic,HCMEC,Normal
Fe2O3,0,42.5,957,-8.2,82.8,-8.512,-4.99,-6.99,5.98,24,0.01,1363.4,5.455,1.83,3.66,1.22,159.6,2,3,3,98.1865,nonToxic,HCMEC,Normal
Fe2O3,0,42.5,957,-8.2,82.8,-8.512,-4.99,-6.99,5.98,24,0.1,1363.4,5.455,1.83,3.66,1.22,159.6,2,3,3,100.2591,nonToxic,HCMEC,Normal
Fe2O3,0,42.5,957,-8.2,82.8,-8.512,-4.99,-6.99,5.98,24,1,1363.4,5.455,1.83,3.66,1.22,159.6,2,3,3,95.8549,nonToxic,HCMEC,Normal
Fe2O3,0,42.5,957,-8.2,82.8,-8.512,-4.99,-6.99,5.98,24,5,1363.4,5.455,1.83,3.66,1.22,159.6,2,3,3,90.9326,nonToxic,HCMEC,Normal
Fe2O3,0,42.5,957,-8.2,82.8,-8.512,-4.99,-6.99,5.98,24,10,1363.4,5.455,1.83,3.66,1.22,159.6,2,3,3,90.9326,nonToxic,HCMEC,Normal
Fe2O3,0,42.5,957,-8.2,82.8,-8.512,-4.99,-6.99,5.98,24,20,1363.4,5.455,1.83,3.66,1.22,159.6,2,3,3,94.3005,nonToxic,HCMEC,Normal
Fe2O3,0,42.5,957,-8.2,82.8,-8.512,-4.99,-6.99,5.98,24,50,1363.4,5.455,1.83,3.66,1.22,159.6,2,3,3,94.5596,nonToxic,HCMEC,Normal
Fe2O3,0,42.5,957,-8.2,82.8,-8.512,-4.99,-6.99,5.98,24,100,1363.4,5.455,1.83,3.66,1.22,159.6,2,3,3,91.9689,nonToxic,HCMEC,Normal
Fe2O3,0,42.5,957,-8.2,82.8,-8.512,-4.99,-6.99,5.98,12,0.001,1363.4,5.455,1.83,3.66,1.22,159.6,2,3,3,96.6234,nonToxic,HCMEC,Normal
Fe2O3,0,42.5,957,-8.2,82.8,-8.512,-4.99,-6.99,5.98,12,0.01,1363.4,5.455,1.83,3.66,1.22,159.6,2,3,3,96.3636,nonToxic,HCMEC,Normal
Fe2O3,0,42.5,957,-8.2,82.8,-8.512,-4.99,-6.99,5.98,12,0.1,1363.4,5.455,1.83,3.66,1.22,159.6,2,3,3,98.7013,nonToxic,HCMEC,Normal
Fe2O3,0,42.5,957,-8.2,82.8,-8.512,-4.99,-6.99,5.98,12,1,1363.4,5.455,1.83,3.66,1.22,159.6,2,3,3,98.7013,nonToxic,HCMEC,Normal
Fe2O3,0,42.5,957,-8.2,82.8,-8.512,-4.99,-6.99,5.98,12,5,1363.4,5.455,1.83,3.66,1.22,159.6,2,3,3,100.7792,nonToxic,HCMEC,Normal
Fe2O3,0,42.5,957,-8.2,82.8,-8.512,-4.99,-6.99,5.98,12,10,1363.4,5.455,1.83,3.66,1.22,159.6,2,3,3,100.4329,nonToxic,HCMEC,Normal
Fe2O3,0,42.5,957,-8.2,82.8,-8.512,-4.99,-6.99,5.98,12,20,1363.4,5.455,1.83,3.66,1.22,159.6,2,3,3,98.7013,nonToxic,HCMEC,Normal
Fe2O3,0,42.5,957,-8.2,82.8,-8.512,-4.99,-6.99,5.98,12,50,1363.4,5.455,1.83,3.66,1.22,159.6,2,3,3,99.7403,nonToxic,HCMEC,Normal
Fe2O3,0,42.5,957,-8.2,82.8,-8.512,-4.99,-6.99,5.98,12,100,1363.4,5.455,1.83,3.66,1.22,159.6,2,3,3,98.0087,nonToxic,HCMEC,Normal
TiO2,0,25,504.5,-10.7,210,-9.779,-4.16,-7.49,5.77,24,0.00001,1575.73,6.557,1.54,1.54,0.77,79.86,1,2,4,100,nonToxic,SHSY5Y,Cancer
TiO2,0,25,504.5,-10.7,210,-9.779,-4.16,-7.49,5.77,24,20,1575.73,6.557,1.54,1.54,0.77,79.86,1,2,4,90,nonToxic,SHSY5Y,Cancer
TiO2,0,25,504.5,-10.7,210,-9.779,-4.16,-7.49,5.77,24,40,1575.73,6.557,1.54,1.54,0.77,79.86,1,2,4,122.2222,nonToxic,SHSY5Y,Cancer
TiO2,0,25,504.5,-10.7,210,-9.779,-4.16,-7.49,5.77,24,60,1575.73,6.557,1.54,1.54,0.77,79.86,1,2,4,111.1111,nonToxic,SHSY5Y,Cancer
TiO2,0,25,504.5,-10.7,210,-9.779,-4.16,-7.49,5.77,24,80,1575.73,6.557,1.54,1.54,0.77,79.86,1,2,4,127.7778,nonToxic,SHSY5Y,Cancer
TiO2,0,25,504.5,-10.7,210,-9.779,-4.16,-7.49,5.77,24,100,1575.73,6.557,1.54,1.54,0.77,79.86,1,2,4,142.2222,nonToxic,SHSY5Y,Cancer
TiO2,0,25,504.5,-10.7,210,-9.779,-4.16,-7.49,5.77,24,120,1575.73,6.557,1.54,1.54,0.77,79.86,1,2,4,115.5556,nonToxic,SHSY5Y,Cancer
TiO2,0,25,504.5,-10.7,210,-9.779,-4.16,-7.49,5.77,24,150,1575.73,6.557,1.54,1.54,0.77,79.86,1,2,4,151.1111,nonToxic,SHSY5Y,Cancer
TiO2,0,25,504.5,-10.7,210,-9.779,-4.16,-7.49,5.77,6,0.00001,1575.73,6.557,1.54,1.54,0.77,79.86,1,2,4,100,nonToxic,SHSY5Y,Cancer
TiO2,0,25,504.5,-10.7,210,-9.779,-4.16,-7.49,5.77,6,20,1575.73,6.557,1.54,1.54,0.77,79.86,1,2,4,116.6667,nonToxic,SHSY5Y,Cancer
TiO2,0,25,504.5,-10.7,210,-9.779,-4.16,-7.49,5.77,6,40,1575.73,6.557,1.54,1.54,0.77,79.86,1,2,4,110,nonToxic,SHSY5Y,Cancer
TiO2,0,25,504.5,-10.7,210,-9.779,-4.16,-7.49,5.77,6,60,1575.73,6.557,1.54,1.54,0.77,79.86,1,2,4,104.4444,nonToxic,SHSY5Y,Cancer
TiO2,0,25,504.5,-10.7,210,-9.779,-4.16,-7.49,5.77,6,80,1575.73,6.557,1.54,1.54,0.77,79.86,1,2,4,111.1111,nonToxic,SHSY5Y,Cancer
TiO2,0,25,504.5,-10.7,210,-9.779,-4.16,-7.49,5.77,6,100,1575.73,6.557,1.54,1.54,0.77,79.86,1,2,4,122.2222,nonToxic,SHSY5Y,Cancer
TiO2,0,25,504.5,-10.7,210,-9.779,-4.16,-7.49,5.77,6,120,1575.73,6.557,1.54,1.54,0.77,79.86,1,2,4,121.1111,nonToxic,SHSY5Y,Cancer
TiO2,0,25,504.5,-10.7,210,-9.779,-4.16,-7.49,5.77,6,150,1575.73,6.557,1.54,1.54,0.77,79.86,1,2,4,121.1111,nonToxic,SHSY5Y,Cancer
TiO2,0,25,504.5,-10.7,210,-9.779,-4.16,-7.49,5.77,3,0.00001,1575.73,6.557,1.54,1.54,0.77,79.86,1,2,4,100,nonToxic,SHSY5Y,Cancer
TiO2,0,25,504.5,-10.7,210,-9.779,-4.16,-7.49,5.77,3,20,1575.73,6.557,1.54,1.54,0.77,79.86,1,2,4,110,nonToxic,SHSY5Y,Cancer
TiO2,0,25,504.5,-10.7,210,-9.779,-4.16,-7.49,5.77,3,40,1575.73,6.557,1.54,1.54,0.77,79.86,1,2,4,120,nonToxic,SHSY5Y,Cancer
TiO2,0,25,504.5,-10.7,210,-9.779,-4.16,-7.49,5.77,3,60,1575.73,6.557,1.54,1.54,0.77,79.86,1,2,4,115.5556,nonToxic,SHSY5Y,Cancer
TiO2,0,25,504.5,-10.7,210,-9.779,-4.16,-7.49,5.77,3,80,1575.73,6.557,1.54,1.54,0.77,79.86,1,2,4,114.4444,nonToxic,SHSY5Y,Cancer
TiO2,0,25,504.5,-10.7,210,-9.779,-4.16,-7.49,5.77,3,100,1575.73,6.557,1.54,1.54,0.77,79.86,1,2,4,122.2222,nonToxic,SHSY5Y,Cancer
TiO2,0,25,504.5,-10.7,210,-9.779,-4.16,-7.49,5.77,3,120,1575.73,6.557,1.54,1.54,0.77,79.86,1,2,4,121.1111,nonToxic,SHSY5Y,Cancer
TiO2,0,25,504.5,-10.7,210,-9.779,-4.16,-7.49,5.77,3,150,1575.73,6.557,1.54,1.54,0.77,79.86,1,2,4,116.6667,nonToxic,SHSY5Y,Cancer
TiO2,0,25,504.5,-10.7,210,-9.779,-4.16,-7.49,5.77,24,0.00001,1575.73,6.557,1.54,1.54,0.77,79.86,1,2,4,100,nonToxic,SHSY5Y,Cancer
TiO2,0,25,504.5,-10.7,210,-9.779,-4.16,-7.49,5.77,24,20,1575.73,6.557,1.54,1.54,0.77,79.86,1,2,4,82.2599,nonToxic,SHSY5Y,Cancer
TiO2,0,25,504.5,-10.7,210,-9.779,-4.16,-7.49,5.77,24,40,1575.73,6.557,1.54,1.54,0.77,79.86,1,2,4,76.7232,nonToxic,SHSY5Y,Cancer
TiO2,0,25,504.5,-10.7,210,-9.779,-4.16,-7.49,5.77,24,60,1575.73,6.557,1.54,1.54,0.77,79.86,1,2,4,83.8418,nonToxic,SHSY5Y,Cancer
TiO2,0,25,504.5,-10.7,210,-9.779,-4.16,-7.49,5.77,24,80,1575.73,6.557,1.54,1.54,0.77,79.86,1,2,4,85.4237,nonToxic,SHSY5Y,Cancer
TiO2,0,25,504.5,-10.7,210,-9.779,-4.16,-7.49,5.77,24,100,1575.73,6.557,1.54,1.54,0.77,79.86,1,2,4,93.3333,nonToxic,SHSY5Y,Cancer
TiO2,0,25,504.5,-10.7,210,-9.779,-4.16,-7.49,5.77,24,120,1575.73,6.557,1.54,1.54,0.77,79.86,1,2,4,90.1695,nonToxic,SHSY5Y,Cancer
TiO2,0,25,504.5,-10.7,210,-9.779,-4.16,-7.49,5.77,24,150,1575.73,6.557,1.54,1.54,0.77,79.86,1,2,4,98.8701,nonToxic,SHSY5Y,Cancer
TiO2,0,25,504.5,-10.7,210,-9.779,-4.16,-7.49,5.77,6,0.00001,1575.73,6.557,1.54,1.54,0.77,79.86,1,2,4,100,nonToxic,SHSY5Y,Cancer
TiO2,0,25,504.5,-10.7,210,-9.779,-4.16,-7.49,5.77,6,20,1575.73,6.557,1.54,1.54,0.77,79.86,1,2,4,90.1695,nonToxic,SHSY5Y,Cancer
TiO2,0,25,504.5,-10.7,210,-9.779,-4.16,-7.49,5.77,6,40,1575.73,6.557,1.54,1.54,0.77,79.86,1,2,4,103.6158,nonToxic,SHSY5Y,Cancer
TiO2,0,25,504.5,-10.7,210,-9.779,-4.16,-7.49,5.77,6,60,1575.73,6.557,1.54,1.54,0.77,79.86,1,2,4,88.5876,nonToxic,SHSY5Y,Cancer
TiO2,0,25,504.5,-10.7,210,-9.779,-4.16,-7.49,5.77,6,80,1575.73,6.557,1.54,1.54,0.77,79.86,1,2,4,96.4972,nonToxic,SHSY5Y,Cancer
TiO2,0,25,504.5,-10.7,210,-9.779,-4.16,-7.49,5.77,6,100,1575.73,6.557,1.54,1.54,0.77,79.86,1,2,4,115.4802,nonToxic,SHSY5Y,Cancer
TiO2,0,25,504.5,-10.7,210,-9.779,-4.16,-7.49,5.77,6,120,1575.73,6.557,1.54,1.54,0.77,79.86,1,2,4,95.7062,nonToxic,SHSY5Y,Cancer
TiO2,0,25,504.5,-10.7,210,-9.779,-4.16,-7.49,5.77,6,150,1575.73,6.557,1.54,1.54,0.77,79.86,1,2,4,118.6441,nonToxic,SHSY5Y,Cancer
TiO2,0,25,504.5,-10.7,210,-9.779,-4.16,-7.49,5.77,3,0.00001,1575.73,6.557,1.54,1.54,0.77,79.86,1,2,4,100,nonToxic,SHSY5Y,Cancer
TiO2,0,25,504.5,-10.7,210,-9.779,-4.16,-7.49,5.77,3,20,1575.73,6.557,1.54,1.54,0.77,79.86,1,2,4,90.9605,nonToxic,SHSY5Y,Cancer
TiO2,0,25,504.5,-10.7,210,-9.779,-4.16,-7.49,5.77,3,40,1575.73,6.557,1.54,1.54,0.77,79.86,1,2,4,94.1243,nonToxic,SHSY5Y,Cancer
TiO2,0,25,504.5,-10.7,210,-9.779,-4.16,-7.49,5.77,3,60,1575.73,6.557,1.54,1.54,0.77,79.86,1,2,4,104.4068,nonToxic,SHSY5Y,Cancer
TiO2,0,25,504.5,-10.7,210,-9.779,-4.16,-7.49,5.77,3,80,1575.73,6.557,1.54,1.54,0.77,79.86,1,2,4,87.0056,nonToxic,SHSY5Y,Cancer
TiO2,0,25,504.5,-10.7,210,-9.779,-4.16,-7.49,5.77,3,100,1575.73,6.557,1.54,1.54,0.77,79.86,1,2,4,82.2599,nonToxic,SHSY5Y,Cancer
TiO2,0,25,504.5,-10.7,210,-9.779,-4.16,-7.49,5.77,3,120,1575.73,6.557,1.54,1.54,0.77,79.86,1,2,4,106.7797,nonToxic,SHSY5Y,Cancer
TiO2,0,25,504.5,-10.7,210,-9.779,-4.16,-7.49,5.77,3,150,1575.73,6.557,1.54,1.54,0.77,79.86,1,2,4,94.1243,nonToxic,SHSY5Y,Cancer
TiO2,0,25,228.3,-10.7,40,-9.779,-4.16,-7.49,5.77,24,0.00001,1575.73,6.557,1.54,1.54,0.77,79.86,1,2,4,100,nonToxic,SHSY5Y,Cancer
TiO2,0,25,228.3,-10.7,40,-9.779,-4.16,-7.49,5.77,24,20,1575.73,6.557,1.54,1.54,0.77,79.86,1,2,4,87.62,nonToxic,SHSY5Y,Cancer
TiO2,0,25,228.3,-10.7,40,-9.779,-4.16,-7.49,5.77,24,40,1575.73,6.557,1.54,1.54,0.77,79.86,1,2,4,94.16,nonToxic,SHSY5Y,Cancer
TiO2,0,25,228.3,-10.7,40,-9.779,-4.16,-7.49,5.77,24,60,1575.73,6.557,1.54,1.54,0.77,79.86,1,2,4,84.14,nonToxic,SHSY5Y,Cancer
TiO2,0,25,228.3,-10.7,40,-9.779,-4.16,-7.49,5.77,24,80,1575.73,6.557,1.54,1.54,0.77,79.86,1,2,4,99.83,nonToxic,SHSY5Y,Cancer
TiO2,0,25,228.3,-10.7,40,-9.779,-4.16,-7.49,5.77,24,100,1575.73,6.557,1.54,1.54,0.77,79.86,1,2,4,101.14,nonToxic,SHSY5Y,Cancer
TiO2,0,25,228.3,-10.7,40,-9.779,-4.16,-7.49,5.77,24,120,1575.73,6.557,1.54,1.54,0.77,79.86,1,2,4,112.47,nonToxic,SHSY5Y,Cancer
TiO2,0,25,228.3,-10.7,40,-9.779,-4.16,-7.49,5.77,24,150,1575.73,6.557,1.54,1.54,0.77,79.86,1,2,4,108.55,nonToxic,SHSY5Y,Cancer
TiO2,0,25,228.3,-10.7,40,-9.779,-4.16,-7.49,5.77,6,0.00001,1575.73,6.557,1.54,1.54,0.77,79.86,1,2,4,100,nonToxic,SHSY5Y,Cancer
TiO2,0,25,228.3,-10.7,40,-9.779,-4.16,-7.49,5.77,6,20,1575.73,6.557,1.54,1.54,0.77,79.86,1,2,4,95.9,nonToxic,SHSY5Y,Cancer
TiO2,0,25,228.3,-10.7,40,-9.779,-4.16,-7.49,5.77,6,40,1575.73,6.557,1.54,1.54,0.77,79.86,1,2,4,100.7,nonToxic,SHSY5Y,Cancer
TiO2,0,25,228.3,-10.7,40,-9.779,-4.16,-7.49,5.77,6,60,1575.73,6.557,1.54,1.54,0.77,79.86,1,2,4,87.19,nonToxic,SHSY5Y,Cancer
TiO2,0,25,228.3,-10.7,40,-9.779,-4.16,-7.49,5.77,6,80,1575.73,6.557,1.54,1.54,0.77,79.86,1,2,4,112.04,nonToxic,SHSY5Y,Cancer
TiO2,0,25,228.3,-10.7,40,-9.779,-4.16,-7.49,5.77,6,100,1575.73,6.557,1.54,1.54,0.77,79.86,1,2,4,102.01,nonToxic,SHSY5Y,Cancer
TiO2,0,25,228.3,-10.7,40,-9.779,-4.16,-7.49,5.77,6,120,1575.73,6.557,1.54,1.54,0.77,79.86,1,2,4,102.01,nonToxic,SHSY5Y,Cancer
TiO2,0,25,228.3,-10.7,40,-9.779,-4.16,-7.49,5.77,6,150,1575.73,6.557,1.54,1.54,0.77,79.86,1,2,4,91.11,nonToxic,SHSY5Y,Cancer
TiO2,0,25,228.3,-10.7,40,-9.779,-4.16,-7.49,5.77,3,0.00001,1575.73,6.557,1.54,1.54,0.77,79.86,1,2,4,100,nonToxic,SHSY5Y,Cancer
TiO2,0,25,228.3,-10.7,40,-9.779,-4.16,-7.49,5.77,3,20,1575.73,6.557,1.54,1.54,0.77,79.86,1,2,4,122.5,nonToxic,SHSY5Y,Cancer
TiO2,0,25,228.3,-10.7,40,-9.779,-4.16,-7.49,5.77,3,40,1575.73,6.557,1.54,1.54,0.77,79.86,1,2,4,124.6,nonToxic,SHSY5Y,Cancer
TiO2,0,25,228.3,-10.7,40,-9.779,-4.16,-7.49,5.77,3,60,1575.73,6.557,1.54,1.54,0.77,79.86,1,2,4,125.9,nonToxic,SHSY5Y,Cancer
TiO2,0,25,228.3,-10.7,40,-9.779,-4.16,-7.49,5.77,3,80,1575.73,6.557,1.54,1.54,0.77,79.86,1,2,4,127.3,nonToxic,SHSY5Y,Cancer
TiO2,0,25,228.3,-10.7,40,-9.779,-4.16,-7.49,5.77,3,100,1575.73,6.557,1.54,1.54,0.77,79.86,1,2,4,118.14,nonToxic,SHSY5Y,Cancer
TiO2,0,25,228.3,-10.7,40,-9.779,-4.16,-7.49,5.77,3,120,1575.73,6.557,1.54,1.54,0.77,79.86,1,2,4,116.4,nonToxic,SHSY5Y,Cancer
TiO2,0,25,228.3,-10.7,40,-9.779,-4.16,-7.49,5.77,3,150,1575.73,6.557,1.54,1.54,0.77,79.86,1,2,4,116.4,nonToxic,SHSY5Y,Cancer
TiO2,0,25,228.3,-10.7,40,-9.779,-4.16,-7.49,5.77,24,0.00001,1575.73,6.557,1.54,1.54,0.77,79.86,1,2,4,100,nonToxic,SHSY5Y,Cancer
TiO2,0,25,228.3,-10.7,40,-9.779,-4.16,-7.49,5.77,24,20,1575.73,6.557,1.54,1.54,0.77,79.86,1,2,4,105.5,nonToxic,SHSY5Y,Cancer
TiO2,0,25,228.3,-10.7,40,-9.779,-4.16,-7.49,5.77,24,40,1575.73,6.557,1.54,1.54,0.77,79.86,1,2,4,95.67,nonToxic,SHSY5Y,Cancer
TiO2,0,25,228.3,-10.7,40,-9.779,-4.16,-7.49,5.77,24,60,1575.73,6.557,1.54,1.54,0.77,79.86,1,2,4,102.71,nonToxic,SHSY5Y,Cancer
TiO2,0,25,228.3,-10.7,40,-9.779,-4.16,-7.49,5.77,24,80,1575.73,6.557,1.54,1.54,0.77,79.86,1,2,4,106.58,nonToxic,SHSY5Y,Cancer
TiO2,0,25,228.3,-10.7,40,-9.779,-4.16,-7.49,5.77,24,100,1575.73,6.557,1.54,1.54,0.77,79.86,1,2,4,99.89,nonToxic,SHSY5Y,Cancer
TiO2,0,25,228.3,-10.7,40,-9.779,-4.16,-7.49,5.77,24,120,1575.73,6.557,1.54,1.54,0.77,79.86,1,2,4,114.67,nonToxic,SHSY5Y,Cancer
TiO2,0,25,228.3,-10.7,40,-9.779,-4.16,-7.49,5.77,24,150,1575.73,6.557,1.54,1.54,0.77,79.86,1,2,4,119.59,nonToxic,SHSY5Y,Cancer
TiO2,0,25,228.3,-10.7,40,-9.779,-4.16,-7.49,5.77,6,0.00001,1575.73,6.557,1.54,1.54,0.77,79.86,1,2,4,100,nonToxic,SHSY5Y,Cancer
TiO2,0,25,228.3,-10.7,40,-9.779,-4.16,-7.49,5.77,6,20,1575.73,6.557,1.54,1.54,0.77,79.86,1,2,4,93.91,nonToxic,SHSY5Y,Cancer
TiO2,0,25,228.3,-10.7,40,-9.779,-4.16,-7.49,5.77,6,40,1575.73,6.557,1.54,1.54,0.77,79.86,1,2,4,92.16,nonToxic,SHSY5Y,Cancer
TiO2,0,25,228.3,-10.7,40,-9.779,-4.16,-7.49,5.77,6,60,1575.73,6.557,1.54,1.54,0.77,79.86,1,2,4,95.67,nonToxic,SHSY5Y,Cancer
TiO2,0,25,228.3,-10.7,40,-9.779,-4.16,-7.49,5.77,6,80,1575.73,6.557,1.54,1.54,0.77,79.86,1,2,4,90.05,nonToxic,SHSY5Y,Cancer
TiO2,0,25,228.3,-10.7,40,-9.779,-4.16,-7.49,5.77,6,100,1575.73,6.557,1.54,1.54,0.77,79.86,1,2,4,88.29,nonToxic,SHSY5Y,Cancer
TiO2,0,25,228.3,-10.7,40,-9.779,-4.16,-7.49,5.77,6,120,1575.73,6.557,1.54,1.54,0.77,79.86,1,2,4,103.06,nonToxic,SHSY5Y,Cancer
TiO2,0,25,228.3,-10.7,40,-9.779,-4.16,-7.49,5.77,6,150,1575.73,6.557,1.54,1.54,0.77,79.86,1,2,4,90.75,nonToxic,SHSY5Y,Cancer
TiO2,0,25,228.3,-10.7,40,-9.779,-4.16,-7.49,5.77,3,0.00001,1575.73,6.557,1.54,1.54,0.77,79.86,1,2,4,100,nonToxic,SHSY5Y,Cancer
TiO2,0,25,228.3,-10.7,40,-9.779,-4.16,-7.49,5.77,3,20,1575.73,6.557,1.54,1.54,0.77,79.86,1,2,4,107.9,nonToxic,SHSY5Y,Cancer
TiO2,0,25,228.3,-10.7,40,-9.779,-4.16,-7.49,5.77,3,40,1575.73,6.557,1.54,1.54,0.77,79.86,1,2,4,101.6,nonToxic,SHSY5Y,Cancer
TiO2,0,25,228.3,-10.7,40,-9.779,-4.16,-7.49,5.77,3,60,1575.73,6.557,1.54,1.54,0.77,79.86,1,2,4,105.1,nonToxic,SHSY5Y,Cancer
TiO2,0,25,228.3,-10.7,40,-9.779,-4.16,-7.49,5.77,3,80,1575.73,6.557,1.54,1.54,0.77,79.86,1,2,4,103.06,nonToxic,SHSY5Y,Cancer
TiO2,0,25,228.3,-10.7,40,-9.779,-4.16,-7.49,5.77,3,100,1575.73,6.557,1.54,1.54,0.77,79.86,1,2,4,94.97,nonToxic,SHSY5Y,Cancer
TiO2,0,25,228.3,-10.7,40,-9.779,-4.16,-7.49,5.77,3,120,1575.73,6.557,1.54,1.54,0.77,79.86,1,2,4,95.32,nonToxic,SHSY5Y,Cancer
TiO2,0,25,228.3,-10.7,40,-9.779,-4.16,-7.49,5.77,3,150,1575.73,6.557,1.54,1.54,0.77,79.86,1,2,4,97.78,nonToxic,SHSY5Y,Cancer
TiO2,0,21,74,-9.42,57,-9.779,-4.16,-7.49,5.77,24,0.00001,1575.73,6.557,1.54,1.54,0.77,79.86,1,2,4,96.1027,nonToxic,MCF10A,Cancer
TiO2,0,21,74,-9.42,57,-9.779,-4.16,-7.49,5.77,24,150,1575.73,6.557,1.54,1.54,0.77,79.86,1,2,4,80.5606,nonToxic,MCF10A,Cancer
TiO2,0,21,74,-9.42,57,-9.779,-4.16,-7.49,5.77,24,0.00001,1575.73,6.557,1.54,1.54,0.77,79.86,1,2,4,96.5641,nonToxic,MCF10A,Cancer
TiO2,0,21,74,-9.42,57,-9.779,-4.16,-7.49,5.77,24,150,1575.73,6.557,1.54,1.54,0.77,79.86,1,2,4,96.0304,nonToxic,MCF10A,Cancer
TiO2,0,21,74,-9.42,57,-9.779,-4.16,-7.49,5.77,24,0.00001,1575.73,6.557,1.54,1.54,0.77,79.86,1,2,4,94.1623,nonToxic,WI38,Normal
TiO2,0,21,74,-9.42,57,-9.779,-4.16,-7.49,5.77,24,150,1575.73,6.557,1.54,1.54,0.77,79.86,1,2,4,75.8821,nonToxic,WI38,Normal
TiO2,0,21,74,-9.42,57,-9.779,-4.16,-7.49,5.77,24,0.00001,1575.73,6.557,1.54,1.54,0.77,79.86,1,2,4,94.7795,nonToxic,WI38,Normal
TiO2,0,21,74,-9.42,57,-9.779,-4.16,-7.49,5.77,24,150,1575.73,6.557,1.54,1.54,0.77,79.86,1,2,4,79.0703,nonToxic,WI38,Normal
TiO2,0,21,74,-9.42,57,-9.779,-4.16,-7.49,5.77,24,0.00001,1575.73,6.557,1.54,1.54,0.77,79.86,1,2,4,93.757,nonToxic,ChangLiv,Normal
TiO2,0,21,74,-9.42,57,-9.779,-4.16,-7.49,5.77,24,150,1575.73,6.557,1.54,1.54,0.77,79.86,1,2,4,79.0703,nonToxic,ChangLiv,Normal
TiO2,0,21,74,-9.42,57,-9.779,-4.16,-7.49,5.77,24,0.00001,1575.73,6.557,1.54,1.54,0.77,79.86,1,2,4,95.6434,nonToxic,ChangLiv,Normal
TiO2,0,21,74,-9.42,57,-9.779,-4.16,-7.49,5.77,24,150,1575.73,6.557,1.54,1.54,0.77,79.86,1,2,4,94.7002,nonToxic,ChangLiv,Normal
TiO2,0,21,133,-9.42,57,-9.779,-4.16,-7.49,5.77,24,0.00001,1575.73,6.557,1.54,1.54,0.77,79.86,1,2,4,93.757,nonToxic,ChangLiv,Normal
TiO2,0,21,133,-9.42,57,-9.779,-4.16,-7.49,5.77,24,150,1575.73,6.557,1.54,1.54,0.77,79.86,1,2,4,59.1287,nonToxic,ChangLiv,Normal
TiO2,0,21,133,-9.42,57,-9.779,-4.16,-7.49,5.77,24,0.00001,1575.73,6.557,1.54,1.54,0.77,79.86,1,2,4,95.6434,nonToxic,ChangLiv,Normal
TiO2,0,21,133,-9.42,57,-9.779,-4.16,-7.49,5.77,24,150,1575.73,6.557,1.54,1.54,0.77,79.86,1,2,4,93.2046,nonToxic,ChangLiv,Normal
TiO2,0,21,327,-9.42,57,-9.779,-4.16,-7.49,5.77,24,0.00001,1575.73,6.557,1.54,1.54,0.77,79.86,1,2,4,93.757,nonToxic,ChangLiv,Normal
TiO2,0,21,327,-9.42,57,-9.779,-4.16,-7.49,5.77,24,0.00001,1575.73,6.557,1.54,1.54,0.77,79.86,1,2,4,95.6434,nonToxic,ChangLiv,Normal
TiO2,0,40,322.3,-25.27,50,-9.779,-4.16,-7.49,5.77,24,0.00001,1575.73,6.557,1.54,1.54,0.77,79.86,1,2,4,90.4,nonToxic,L02,Normal
TiO2,0,40,322.3,-25.27,50,-9.779,-4.16,-7.49,5.77,24,1,1575.73,6.557,1.54,1.54,0.77,79.86,1,2,4,91.1,nonToxic,L02,Normal
TiO2,0,40,322.3,-25.27,50,-9.779,-4.16,-7.49,5.77,24,5,1575.73,6.557,1.54,1.54,0.77,79.86,1,2,4,92.6,nonToxic,L02,Normal
TiO2,0,40,322.3,-25.27,50,-9.779,-4.16,-7.49,5.77,24,10,1575.73,6.557,1.54,1.54,0.77,79.86,1,2,4,89.6,nonToxic,L02,Normal
TiO2,0,40,322.3,-25.27,50,-9.779,-4.16,-7.49,5.77,12,0.00001,1575.73,6.557,1.54,1.54,0.77,79.86,1,2,4,92.6,nonToxic,L02,Normal
TiO2,0,40,322.3,-25.27,50,-9.779,-4.16,-7.49,5.77,12,1,1575.73,6.557,1.54,1.54,0.77,79.86,1,2,4,93.9,nonToxic,L02,Normal
TiO2,0,40,322.3,-25.27,50,-9.779,-4.16,-7.49,5.77,12,5,1575.73,6.557,1.54,1.54,0.77,79.86,1,2,4,92.2,nonToxic,L02,Normal
TiO2,0,40,322.3,-25.27,50,-9.779,-4.16,-7.49,5.77,12,10,1575.73,6.557,1.54,1.54,0.77,79.86,1,2,4,92.5,nonToxic,L02,Normal
TiO2,0,40,322.3,-25.27,50,-9.779,-4.16,-7.49,5.77,6,0.00001,1575.73,6.557,1.54,1.54,0.77,79.86,1,2,4,96.2,nonToxic,L02,Normal
TiO2,0,40,322.3,-25.27,50,-9.779,-4.16,-7.49,5.77,6,1,1575.73,6.557,1.54,1.54,0.77,79.86,1,2,4,97.3,nonToxic,L02,Normal
TiO2,0,40,322.3,-25.27,50,-9.779,-4.16,-7.49,5.77,6,5,1575.73,6.557,1.54,1.54,0.77,79.86,1,2,4,89.4,nonToxic,L02,Normal
TiO2,0,40,322.3,-25.27,50,-9.779,-4.16,-7.49,5.77,6,10,1575.73,6.557,1.54,1.54,0.77,79.86,1,2,4,91.5,nonToxic,L02,Normal
TiO2,0,20,707,-12.1,50.4,-9.779,-4.16,-7.49,5.77,24,0.00001,1575.73,6.557,1.54,1.54,0.77,79.86,1,2,4,100,nonToxic,BEAS2B,Normal
TiO2,0,20,707,-12.1,50.4,-9.779,-4.16,-7.49,5.77,24,10,1575.73,6.557,1.54,1.54,0.77,79.86,1,2,4,99.27102,nonToxic,BEAS2B,Normal
TiO2,0,20,707,-12.1,50.4,-9.779,-4.16,-7.49,5.77,24,30,1575.73,6.557,1.54,1.54,0.77,79.86,1,2,4,100,nonToxic,BEAS2B,Normal
TiO2,0,20,707,-12.1,50.4,-9.779,-4.16,-7.49,5.77,24,100,1575.73,6.557,1.54,1.54,0.77,79.86,1,2,4,96.784501,nonToxic,BEAS2B,Normal
TiO2,0,20,707,-12.1,50.4,-9.779,-4.16,-7.49,5.77,24,300,1575.73,6.557,1.54,1.54,0.77,79.86,1,2,4,79.748352,nonToxic,BEAS2B,Normal
TiO2,0,10,1457,-11,166,-9.779,-4.16,-7.49,5.77,24,0.00001,1575.73,6.557,1.54,1.54,0.77,79.86,1,2,4,100,nonToxic,BEAS2B,Normal
TiO2,0,10,1457,-11,166,-9.779,-4.16,-7.49,5.77,24,10,1575.73,6.557,1.54,1.54,0.77,79.86,1,2,4,94.686567,nonToxic,BEAS2B,Normal
TiO2,0,10,1457,-11,166,-9.779,-4.16,-7.49,5.77,24,30,1575.73,6.557,1.54,1.54,0.77,79.86,1,2,4,91.303482,nonToxic,BEAS2B,Normal
TiO2,0,10,1457,-11,166,-9.779,-4.16,-7.49,5.77,24,100,1575.73,6.557,1.54,1.54,0.77,79.86,1,2,4,96.756218,nonToxic,BEAS2B,Normal
TiO2,0,10,1457,-11,166,-9.779,-4.16,-7.49,5.77,24,300,1575.73,6.557,1.54,1.54,0.77,79.86,1,2,4,84.507462,nonToxic,BEAS2B,Normal
TiO2,0,35,1814,-35.5,66,-9.779,-4.16,-7.49,5.77,72,0.00001,1575.73,6.557,1.54,1.54,0.77,79.86,1,2,4,101.5761,nonToxic,A549,Cancer
TiO2,0,35,1814,-35.5,66,-9.779,-4.16,-7.49,5.77,72,6.25,1575.73,6.557,1.54,1.54,0.77,79.86,1,2,4,76.5942,nonToxic,A549,Cancer
TiO2,0,35,1814,-35.5,66,-9.779,-4.16,-7.49,5.77,72,12.5,1575.73,6.557,1.54,1.54,0.77,79.86,1,2,4,82.4275,nonToxic,A549,Cancer
TiO2,0,35,1814,-35.5,66,-9.779,-4.16,-7.49,5.77,72,25,1575.73,6.557,1.54,1.54,0.77,79.86,1,2,4,76.721,nonToxic,A549,Cancer
TiO2,0,35,1814,-35.5,66,-9.779,-4.16,-7.49,5.77,72,50,1575.73,6.557,1.54,1.54,0.77,79.86,1,2,4,73.2971,nonToxic,A549,Cancer
TiO2,0,35,1814,-35.5,66,-9.779,-4.16,-7.49,5.77,12,0.00001,1575.73,6.557,1.54,1.54,0.77,79.86,1,2,4,100.7394,nonToxic,A549,Cancer
TiO2,0,35,1814,-35.5,66,-9.779,-4.16,-7.49,5.77,12,6.25,1575.73,6.557,1.54,1.54,0.77,79.86,1,2,4,124.9775,nonToxic,A549,Cancer
TiO2,0,35,1814,-35.5,66,-9.779,-4.16,-7.49,5.77,12,12.5,1575.73,6.557,1.54,1.54,0.77,79.86,1,2,4,105.284,nonToxic,A549,Cancer
TiO2,0,35,1814,-35.5,66,-9.779,-4.16,-7.49,5.77,12,25,1575.73,6.557,1.54,1.54,0.77,79.86,1,2,4,106.9252,nonToxic,A549,Cancer
TiO2,0,35,1814,-35.5,66,-9.779,-4.16,-7.49,5.77,12,50,1575.73,6.557,1.54,1.54,0.77,79.86,1,2,4,101.6231,nonToxic,A549,Cancer
TiO2,0,30,1843,-30.8,69,-9.779,-4.16,-7.49,5.77,72,0.00001,1575.73,6.557,1.54,1.54,0.77,79.86,1,2,4,101.5761,nonToxic,A549,Cancer
TiO2,0,30,1843,-30.8,69,-9.779,-4.16,-7.49,5.77,72,6.25,1575.73,6.557,1.54,1.54,0.77,79.86,1,2,4,91.4312,nonToxic,A549,Cancer
TiO2,0,30,1843,-30.8,69,-9.779,-4.16,-7.49,5.77,72,12.5,1575.73,6.557,1.54,1.54,0.77,79.86,1,2,4,89.2754,nonToxic,A549,Cancer
TiO2,0,30,1843,-30.8,69,-9.779,-4.16,-7.49,5.77,72,25,1575.73,6.557,1.54,1.54,0.77,79.86,1,2,4,90.7971,nonToxic,A549,Cancer
TiO2,0,30,1843,-30.8,69,-9.779,-4.16,-7.49,5.77,72,50,1575.73,6.557,1.54,1.54,0.77,79.86,1,2,4,81.9837,nonToxic,A549,Cancer
TiO2,0,30,1843,-30.8,69,-9.779,-4.16,-7.49,5.77,12,0.00001,1575.73,6.557,1.54,1.54,0.77,79.86,1,2,4,100.9919,nonToxic,A549,Cancer
TiO2,0,30,1843,-30.8,69,-9.779,-4.16,-7.49,5.77,12,6.25,1575.73,6.557,1.54,1.54,0.77,79.86,1,2,4,119.4229,nonToxic,A549,Cancer
TiO2,0,30,1843,-30.8,69,-9.779,-4.16,-7.49,5.77,12,12.5,1575.73,6.557,1.54,1.54,0.77,79.86,1,2,4,117.4031,nonToxic,A549,Cancer
TiO2,0,30,1843,-30.8,69,-9.779,-4.16,-7.49,5.77,12,25,1575.73,6.557,1.54,1.54,0.77,79.86,1,2,4,111.7538,nonToxic,A549,Cancer
TiO2,0,30,1843,-30.8,69,-9.779,-4.16,-7.49,5.77,12,50,1575.73,6.557,1.54,1.54,0.77,79.86,1,2,4,99.5401,nonToxic,A549,Cancer
TiO2,0,125,1054,-40.8,38,-9.779,-4.16,-7.49,5.77,72,0.00001,1575.73,6.557,1.54,1.54,0.77,79.86,1,2,4,101.7029,nonToxic,A549,Cancer
TiO2,0,125,1054,-40.8,38,-9.779,-4.16,-7.49,5.77,72,6.25,1575.73,6.557,1.54,1.54,0.77,79.86,1,2,4,68.4783,nonToxic,A549,Cancer
TiO2,0,125,1054,-40.8,38,-9.779,-4.16,-7.49,5.77,72,12.5,1575.73,6.557,1.54,1.54,0.77,79.86,1,2,4,57.6993,nonToxic,A549,Cancer
TiO2,0,125,1054,-40.8,38,-9.779,-4.16,-7.49,5.77,72,25,1575.73,6.557,1.54,1.54,0.77,79.86,1,2,4,51.6123,nonToxic,A549,Cancer
TiO2,0,125,1054,-40.8,38,-9.779,-4.16,-7.49,5.77,12,0.00001,1575.73,6.557,1.54,1.54,0.77,79.86,1,2,4,100.8656,nonToxic,A549,Cancer
TiO2,0,125,1054,-40.8,38,-9.779,-4.16,-7.49,5.77,12,6.25,1575.73,6.557,1.54,1.54,0.77,79.86,1,2,4,102.3805,nonToxic,A549,Cancer
TiO2,0,125,1054,-40.8,38,-9.779,-4.16,-7.49,5.77,12,12.5,1575.73,6.557,1.54,1.54,0.77,79.86,1,2,4,90.2615,nonToxic,A549,Cancer
TiO2,0,125,1054,-40.8,38,-9.779,-4.16,-7.49,5.77,12,25,1575.73,6.557,1.54,1.54,0.77,79.86,1,2,4,88.1154,nonToxic,A549,Cancer
TiO2,0,125,1054,-40.8,38,-9.779,-4.16,-7.49,5.77,12,50,1575.73,6.557,1.54,1.54,0.77,79.86,1,2,4,80.5095,nonToxic,A549,Cancer
TiO2,0,33.7,303,-25.3,42.5,-9.779,-4.16,-7.49,5.77,24,0.1,1575.73,6.557,1.54,1.54,0.77,79.86,1,2,4,102.5502,nonToxic,SW480,Cancer
TiO2,0,33.7,303,-25.3,42.5,-9.779,-4.16,-7.49,5.77,24,1,1575.73,6.557,1.54,1.54,0.77,79.86,1,2,4,87.8069,nonToxic,SW480,Cancer
TiO2,0,33.7,303,-25.3,42.5,-9.779,-4.16,-7.49,5.77,24,10,1575.73,6.557,1.54,1.54,0.77,79.86,1,2,4,71.2139,nonToxic,SW480,Cancer
TiO2,0,33.7,303,-25.3,42.5,-9.779,-4.16,-7.49,5.77,24,0.1,1575.73,6.557,1.54,1.54,0.77,79.86,1,2,4,79.6464,nonToxic,SW480,Cancer
TiO2,0,33.7,303,-25.3,42.5,-9.779,-4.16,-7.49,5.77,24,1,1575.73,6.557,1.54,1.54,0.77,79.86,1,2,4,73.7708,nonToxic,SW480,Cancer
TiO2,0,33.7,303,-25.3,42.5,-9.779,-4.16,-7.49,5.77,24,10,1575.73,6.557,1.54,1.54,0.77,79.86,1,2,4,75.6749,nonToxic,SW480,Cancer
TiO2,0,33.7,308,-25.3,42.5,-9.779,-4.16,-7.49,5.77,24,0.1,1575.73,6.557,1.54,1.54,0.77,79.86,1,2,4,107.3156,nonToxic,Caco2,Cancer
TiO2,0,33.7,308,-25.3,42.5,-9.779,-4.16,-7.49,5.77,24,1,1575.73,6.557,1.54,1.54,0.77,79.86,1,2,4,116.3194,nonToxic,Caco2,Cancer
TiO2,0,33.7,308,-25.3,42.5,-9.779,-4.16,-7.49,5.77,24,10,1575.73,6.557,1.54,1.54,0.77,79.86,1,2,4,90.5247,nonToxic,Caco2,Cancer
TiO2,0,33.7,308,-25.3,42.5,-9.779,-4.16,-7.49,5.77,24,100,1575.73,6.557,1.54,1.54,0.77,79.86,1,2,4,116.8061,nonToxic,Caco2,Cancer
TiO2,0,33.7,308,-25.3,42.5,-9.779,-4.16,-7.49,5.77,24,0.1,1575.73,6.557,1.54,1.54,0.77,79.86,1,2,4,100.0152,nonToxic,Caco2,Cancer
TiO2,0,33.7,308,-25.3,42.5,-9.779,-4.16,-7.49,5.77,24,1,1575.73,6.557,1.54,1.54,0.77,79.86,1,2,4,86.1445,nonToxic,Caco2,Cancer
TiO2,0,33.7,308,-25.3,42.5,-9.779,-4.16,-7.49,5.77,24,10,1575.73,6.557,1.54,1.54,0.77,79.86,1,2,4,86.0837,nonToxic,Caco2,Cancer
TiO2,0,33.7,308,-25.3,42.5,-9.779,-4.16,-7.49,5.77,24,100,1575.73,6.557,1.54,1.54,0.77,79.86,1,2,4,106.5856,nonToxic,Caco2,Cancer
TiO2,0,33.7,303,-25.3,42.5,-9.779,-4.16,-7.49,5.77,48,0.1,1575.73,6.557,1.54,1.54,0.77,79.86,1,2,4,103.6437,nonToxic,SW480,Cancer
TiO2,0,33.7,303,-25.3,42.5,-9.779,-4.16,-7.49,5.77,48,1,1575.73,6.557,1.54,1.54,0.77,79.86,1,2,4,99.1734,nonToxic,SW480,Cancer
TiO2,0,33.7,303,-25.3,42.5,-9.779,-4.16,-7.49,5.77,48,10,1575.73,6.557,1.54,1.54,0.77,79.86,1,2,4,104.3185,nonToxic,SW480,Cancer
TiO2,0,33.7,303,-25.3,42.5,-9.779,-4.16,-7.49,5.77,48,100,1575.73,6.557,1.54,1.54,0.77,79.86,1,2,4,83.3333,nonToxic,SW480,Cancer
TiO2,0,33.7,303,-25.3,42.5,-9.779,-4.16,-7.49,5.77,24,0.1,1575.73,6.557,1.54,1.54,0.77,79.86,1,2,4,93.8597,nonToxic,SW480,Cancer
TiO2,0,33.7,303,-25.3,42.5,-9.779,-4.16,-7.49,5.77,24,1,1575.73,6.557,1.54,1.54,0.77,79.86,1,2,4,90.2159,nonToxic,SW480,Cancer
TiO2,0,33.7,303,-25.3,42.5,-9.779,-4.16,-7.49,5.77,24,10,1575.73,6.557,1.54,1.54,0.77,79.86,1,2,4,101.9568,nonToxic,SW480,Cancer
TiO2,0,33.7,308,-25.3,42.5,-9.779,-4.16,-7.49,5.77,48,0.1,1575.73,6.557,1.54,1.54,0.77,79.86,1,2,4,106.0908,nonToxic,Caco2,Cancer
TiO2,0,33.7,308,-25.3,42.5,-9.779,-4.16,-7.49,5.77,48,1,1575.73,6.557,1.54,1.54,0.77,79.86,1,2,4,101.839,nonToxic,Caco2,Cancer
TiO2,0,33.7,308,-25.3,42.5,-9.779,-4.16,-7.49,5.77,48,10,1575.73,6.557,1.54,1.54,0.77,79.86,1,2,4,103.9649,nonToxic,Caco2,Cancer
TiO2,0,33.7,308,-25.3,42.5,-9.779,-4.16,-7.49,5.77,48,100,1575.73,6.557,1.54,1.54,0.77,79.86,1,2,4,124.7174,nonToxic,Caco2,Cancer
TiO2,0,33.7,308,-25.3,42.5,-9.779,-4.16,-7.49,5.77,24,0.1,1575.73,6.557,1.54,1.54,0.77,79.86,1,2,4,116.2139,nonToxic,Caco2,Cancer
TiO2,0,33.7,308,-25.3,42.5,-9.779,-4.16,-7.49,5.77,24,1,1575.73,6.557,1.54,1.54,0.77,79.86,1,2,4,91.4122,nonToxic,Caco2,Cancer
TiO2,0,33.7,308,-25.3,42.5,-9.779,-4.16,-7.49,5.77,24,10,1575.73,6.557,1.54,1.54,0.77,79.86,1,2,4,93.0319,nonToxic,Caco2,Cancer
TiO2,0,33.7,308,-25.3,42.5,-9.779,-4.16,-7.49,5.77,24,100,1575.73,6.557,1.54,1.54,0.77,79.86,1,2,4,105.9895,nonToxic,Caco2,Cancer
ZnO,0,45.3,310,32.7,21.3,-3.608,-3.89,-7.2,5.67,24,0.001,662.44,2.703,1.65,1.65,1.65,81.38,1,1,2,93.5233,nonToxic,HCMEC,Normal
ZnO,0,45.3,310,32.7,21.3,-3.608,-3.89,-7.2,5.67,24,0.01,662.44,2.703,1.65,1.65,1.65,81.38,1,1,2,98.7047,nonToxic,HCMEC,Normal
ZnO,0,45.3,310,32.7,21.3,-3.608,-3.89,-7.2,5.67,24,0.1,662.44,2.703,1.65,1.65,1.65,81.38,1,1,2,97.4093,nonToxic,HCMEC,Normal
ZnO,0,45.3,310,32.7,21.3,-3.608,-3.89,-7.2,5.67,24,1,662.44,2.703,1.65,1.65,1.65,81.38,1,1,2,97.9275,nonToxic,HCMEC,Normal
ZnO,0,45.3,310,32.7,21.3,-3.608,-3.89,-7.2,5.67,24,5,662.44,2.703,1.65,1.65,1.65,81.38,1,1,2,72.2798,nonToxic,HCMEC,Normal
ZnO,0,45.3,310,32.7,21.3,-3.608,-3.89,-7.2,5.67,24,10,662.44,2.703,1.65,1.65,1.65,81.38,1,1,2,62.4352,nonToxic,HCMEC,Normal
ZnO,0,45.3,310,32.7,21.3,-3.608,-3.89,-7.2,5.67,12,0.001,662.44,2.703,1.65,1.65,1.65,81.38,1,1,2,96.1039,nonToxic,HCMEC,Normal
ZnO,0,45.3,310,32.7,21.3,-3.608,-3.89,-7.2,5.67,12,0.01,662.44,2.703,1.65,1.65,1.65,81.38,1,1,2,98.1818,nonToxic,HCMEC,Normal
ZnO,0,45.3,310,32.7,21.3,-3.608,-3.89,-7.2,5.67,12,0.1,662.44,2.703,1.65,1.65,1.65,81.38,1,1,2,101.039,nonToxic,HCMEC,Normal
ZnO,0,45.3,310,32.7,21.3,-3.608,-3.89,-7.2,5.67,12,1,662.44,2.703,1.65,1.65,1.65,81.38,1,1,2,99.2208,nonToxic,HCMEC,Normal
ZnO,0,45.3,310,32.7,21.3,-3.608,-3.89,-7.2,5.67,12,5,662.44,2.703,1.65,1.65,1.65,81.38,1,1,2,92.7273,nonToxic,HCMEC,Normal
ZnO,0,45.3,310,32.7,21.3,-3.608,-3.89,-7.2,5.67,12,10,662.44,2.703,1.65,1.65,1.65,81.38,1,1,2,75.3247,nonToxic,HCMEC,Normal
ZnO,0,45.3,310,32.7,21.3,-3.608,-3.89,-7.2,5.67,12,20,662.44,2.703,1.65,1.65,1.65,81.38,1,1,2,64.1558,nonToxic,HCMEC,Normal
ZnO,0,115,360,-10,14.4,-3.608,-3.89,-7.2,5.67,24,10,662.44,2.703,1.65,1.65,1.65,81.38,1,1,2,105.62,nonToxic,HONDC,Normal
ZnO,0,115,360,-10,14.4,-3.608,-3.89,-7.2,5.67,24,20,662.44,2.703,1.65,1.65,1.65,81.38,1,1,2,108.74,nonToxic,HONDC,Normal
ZnO,0,115,500,-9,14.5,-3.608,-3.89,-7.2,5.67,24,10,662.44,2.703,1.65,1.65,1.65,81.38,1,1,2,92.69,nonToxic,HONDC,Normal
ZnO,0,115,500,-9,14.5,-3.608,-3.89,-7.2,5.67,24,20,662.44,2.703,1.65,1.65,1.65,81.38,1,1,2,106.1,nonToxic,HONDC,Normal
ZnO,0,115,500,-9,14.5,-3.608,-3.89,-7.2,5.67,24,30,662.44,2.703,1.65,1.65,1.65,81.38,1,1,2,52.93,nonToxic,HONDC,Normal
ZnO,0,115,360,-10,14.4,-3.608,-3.89,-7.2,5.67,24,10,662.44,2.703,1.65,1.65,1.65,81.38,1,1,2,100,nonToxic,HONDC,Normal
ZnO,0,115,360,-10,14.4,-3.608,-3.89,-7.2,5.67,24,20,662.44,2.703,1.65,1.65,1.65,81.38,1,1,2,98.12,nonToxic,HONDC,Normal
ZnO,0,115,500,-9,14.5,-3.608,-3.89,-7.2,5.67,24,10,662.44,2.703,1.65,1.65,1.65,81.38,1,1,2,106.76,nonToxic,HONDC,Normal
ZnO,0,115,500,-9,14.5,-3.608,-3.89,-7.2,5.67,24,20,662.44,2.703,1.65,1.65,1.65,81.38,1,1,2,101.58,nonToxic,HONDC,Normal
ZnO,0,60,329,-9.3,7.34,-3.608,-3.89,-7.2,5.67,24,0.00001,662.44,2.703,1.65,1.65,1.65,81.38,1,1,2,100,nonToxic,A549,Cancer
ZnO,0,60,329,-9.3,7.34,-3.608,-3.89,-7.2,5.67,24,5,662.44,2.703,1.65,1.65,1.65,81.38,1,1,2,97.2081,nonToxic,A549,Cancer
ZnO,0,60,329,-9.3,7.34,-3.608,-3.89,-7.2,5.67,24,10,662.44,2.703,1.65,1.65,1.65,81.38,1,1,2,99.3638,nonToxic,A549,Cancer
ZnO,0,60,329,-9.3,7.34,-3.608,-3.89,-7.2,5.67,24,20,662.44,2.703,1.65,1.65,1.65,81.38,1,1,2,79.7573,nonToxic,A549,Cancer
ZnO,0,60,320,-7.5,7.34,-3.608,-3.89,-7.2,5.67,24,0.00001,662.44,2.703,1.65,1.65,1.65,81.38,1,1,2,100,nonToxic,A549,Cancer
ZnO,0,60,320,-7.5,7.34,-3.608,-3.89,-7.2,5.67,24,5,662.44,2.703,1.65,1.65,1.65,81.38,1,1,2,99.0558,nonToxic,A549,Cancer
ZnO,0,60,320,-7.5,7.34,-3.608,-3.89,-7.2,5.67,24,10,662.44,2.703,1.65,1.65,1.65,81.38,1,1,2,91.6649,nonToxic,A549,Cancer
ZnO,0,60,936,-2.4,7.34,-3.608,-3.89,-7.2,5.67,24,0.00001,662.44,2.703,1.65,1.65,1.65,81.38,1,1,2,100,nonToxic,A549,Cancer
ZnO,0,60,936,-2.4,7.34,-3.608,-3.89,-7.2,5.67,24,5,662.44,2.703,1.65,1.65,1.65,81.38,1,1,2,97.6187,nonToxic,A549,Cancer
ZnO,0,60,936,-2.4,7.34,-3.608,-3.89,-7.2,5.67,24,10,662.44,2.703,1.65,1.65,1.65,81.38,1,1,2,81.297,nonToxic,A549,Cancer
ZnO,0,100,273.4,-11.7,20,-3.608,-3.89,-7.2,5.67,48,0.00001,662.44,2.703,1.65,1.65,1.65,81.38,1,1,2,100.2654,nonToxic,SHSY5Y,Cancer
ZnO,0,100,273.4,-11.7,20,-3.608,-3.89,-7.2,5.67,48,10,662.44,2.703,1.65,1.65,1.65,81.38,1,1,2,96.4053,nonToxic,SHSY5Y,Cancer
ZnO,0,100,273.4,-11.7,20,-3.608,-3.89,-7.2,5.67,48,15,662.44,2.703,1.65,1.65,1.65,81.38,1,1,2,100.5549,nonToxic,SHSY5Y,Cancer
ZnO,0,100,273.4,-11.7,20,-3.608,-3.89,-7.2,5.67,48,20,662.44,2.703,1.65,1.65,1.65,81.38,1,1,2,82.0748,nonToxic,SHSY5Y,Cancer
ZnO,0,100,273.4,-11.7,20,-3.608,-3.89,-7.2,5.67,48,25,662.44,2.703,1.65,1.65,1.65,81.38,1,1,2,63.3293,nonToxic,SHSY5Y,Cancer
ZnO,0,100,273.4,-11.7,20,-3.608,-3.89,-7.2,5.67,48,30,662.44,2.703,1.65,1.65,1.65,81.38,1,1,2,60.0724,nonToxic,SHSY5Y,Cancer
ZnO,0,100,273.4,-11.7,20,-3.608,-3.89,-7.2,5.67,48,35,662.44,2.703,1.65,1.65,1.65,81.38,1,1,2,59.6381,nonToxic,SHSY5Y,Cancer
ZnO,0,100,273.4,-11.7,20,-3.608,-3.89,-7.2,5.67,48,40,662.44,2.703,1.65,1.65,1.65,81.38,1,1,2,63.9807,nonToxic,SHSY5Y,Cancer
ZnO,0,100,273.4,-11.7,20,-3.608,-3.89,-7.2,5.67,48,80,662.44,2.703,1.65,1.65,1.65,81.38,1,1,2,55.6333,nonToxic,SHSY5Y,Cancer
ZnO,0,100,273.4,-11.7,20,-3.608,-3.89,-7.2,5.67,24,0.00001,662.44,2.703,1.65,1.65,1.65,81.38,1,1,2,100.4584,nonToxic,SHSY5Y,Cancer
ZnO,0,100,273.4,-11.7,20,-3.608,-3.89,-7.2,5.67,24,10,662.44,2.703,1.65,1.65,1.65,81.38,1,1,2,105.4524,nonToxic,SHSY5Y,Cancer
ZnO,0,100,273.4,-11.7,20,-3.608,-3.89,-7.2,5.67,24,15,662.44,2.703,1.65,1.65,1.65,81.38,1,1,2,100.6755,nonToxic,SHSY5Y,Cancer
ZnO,0,100,273.4,-11.7,20,-3.608,-3.89,-7.2,5.67,24,20,662.44,2.703,1.65,1.65,1.65,81.38,1,1,2,93.2207,nonToxic,SHSY5Y,Cancer
ZnO,0,100,273.4,-11.7,20,-3.608,-3.89,-7.2,5.67,24,25,662.44,2.703,1.65,1.65,1.65,81.38,1,1,2,75.8987,nonToxic,SHSY5Y,Cancer
ZnO,0,100,273.4,-11.7,20,-3.608,-3.89,-7.2,5.67,24,30,662.44,2.703,1.65,1.65,1.65,81.38,1,1,2,71.2666,nonToxic,SHSY5Y,Cancer
ZnO,0,100,273.4,-11.7,20,-3.608,-3.89,-7.2,5.67,24,35,662.44,2.703,1.65,1.65,1.65,81.38,1,1,2,69.5296,nonToxic,SHSY5Y,Cancer
ZnO,0,100,273.4,-11.7,20,-3.608,-3.89,-7.2,5.67,24,40,662.44,2.703,1.65,1.65,1.65,81.38,1,1,2,69.9156,nonToxic,SHSY5Y,Cancer
ZnO,0,100,273.4,-11.7,20,-3.608,-3.89,-7.2,5.67,6,0.00001,662.44,2.703,1.65,1.65,1.65,81.38,1,1,2,100.6514,nonToxic,SHSY5Y,Cancer
ZnO,0,100,273.4,-11.7,20,-3.608,-3.89,-7.2,5.67,6,10,662.44,2.703,1.65,1.65,1.65,81.38,1,1,2,104.994,nonToxic,SHSY5Y,Cancer
ZnO,0,100,273.4,-11.7,20,-3.608,-3.89,-7.2,5.67,6,15,662.44,2.703,1.65,1.65,1.65,81.38,1,1,2,101.0374,nonToxic,SHSY5Y,Cancer
ZnO,0,100,273.4,-11.7,20,-3.608,-3.89,-7.2,5.67,6,20,662.44,2.703,1.65,1.65,1.65,81.38,1,1,2,105.38,nonToxic,SHSY5Y,Cancer
ZnO,0,100,273.4,-11.7,20,-3.608,-3.89,-7.2,5.67,6,25,662.44,2.703,1.65,1.65,1.65,81.38,1,1,2,76.6224,nonToxic,SHSY5Y,Cancer
ZnO,0,100,273.4,-11.7,20,-3.608,-3.89,-7.2,5.67,6,30,662.44,2.703,1.65,1.65,1.65,81.38,1,1,2,59.8311,nonToxic,SHSY5Y,Cancer
ZnO,0,100,273.4,-11.7,20,-3.608,-3.89,-7.2,5.67,6,35,662.44,2.703,1.65,1.65,1.65,81.38,1,1,2,55.9711,nonToxic,SHSY5Y,Cancer
ZnO,0,100,273.4,-11.7,20,-3.608,-3.89,-7.2,5.67,6,40,662.44,2.703,1.65,1.65,1.65,81.38,1,1,2,53.6309,nonToxic,SHSY5Y,Cancer
ZnO,0,100,273.4,-11.7,20,-3.608,-3.89,-7.2,5.67,6,80,662.44,2.703,1.65,1.65,1.65,81.38,1,1,2,60.2171,nonToxic,SHSY5Y,Cancer
ZnO,0,100,273.4,-11.7,20,-3.608,-3.89,-7.2,5.67,3,0.00001,662.44,2.703,1.65,1.65,1.65,81.38,1,1,2,100.5066,nonToxic,SHSY5Y,Cancer
ZnO,0,100,273.4,-11.7,20,-3.608,-3.89,-7.2,5.67,3,10,662.44,2.703,1.65,1.65,1.65,81.38,1,1,2,101.9783,nonToxic,SHSY5Y,Cancer
ZnO,0,100,273.4,-11.7,20,-3.608,-3.89,-7.2,5.67,3,15,662.44,2.703,1.65,1.65,1.65,81.38,1,1,2,92.5694,nonToxic,SHSY5Y,Cancer
ZnO,0,100,273.4,-11.7,20,-3.608,-3.89,-7.2,5.67,3,20,662.44,2.703,1.65,1.65,1.65,81.38,1,1,2,86.4897,nonToxic,SHSY5Y,Cancer
ZnO,0,100,273.4,-11.7,20,-3.608,-3.89,-7.2,5.67,3,25,662.44,2.703,1.65,1.65,1.65,81.38,1,1,2,64.994,nonToxic,SHSY5Y,Cancer
ZnO,0,100,273.4,-11.7,20,-3.608,-3.89,-7.2,5.67,3,30,662.44,2.703,1.65,1.65,1.65,81.38,1,1,2,57.0808,nonToxic,SHSY5Y,Cancer
ZnO,0,100,273.4,-11.7,20,-3.608,-3.89,-7.2,5.67,3,35,662.44,2.703,1.65,1.65,1.65,81.38,1,1,2,57.0326,nonToxic,SHSY5Y,Cancer
ZnO,0,100,273.4,-11.7,20,-3.608,-3.89,-7.2,5.67,3,40,662.44,2.703,1.65,1.65,1.65,81.38,1,1,2,50.2292,nonToxic,SHSY5Y,Cancer
ZnO,0,100,273.4,-11.7,20,-3.608,-3.89,-7.2,5.67,3,80,662.44,2.703,1.65,1.65,1.65,81.38,1,1,2,61.7732,nonToxic,SHSY5Y,Cancer
ZnO,0,100,273.4,-11.7,20,-3.608,-3.89,-7.2,5.67,48,0.00001,662.44,2.703,1.65,1.65,1.65,81.38,1,1,2,100.1351,nonToxic,SHSY5Y,Cancer
ZnO,0,100,273.4,-11.7,20,-3.608,-3.89,-7.2,5.67,48,10,662.44,2.703,1.65,1.65,1.65,81.38,1,1,2,77.2072,nonToxic,SHSY5Y,Cancer
ZnO,0,100,273.4,-11.7,20,-3.608,-3.89,-7.2,5.67,48,15,662.44,2.703,1.65,1.65,1.65,81.38,1,1,2,71.6667,nonToxic,SHSY5Y,Cancer
ZnO,0,100,273.4,-11.7,20,-3.608,-3.89,-7.2,5.67,48,20,662.44,2.703,1.65,1.65,1.65,81.38,1,1,2,55.8446,nonToxic,SHSY5Y,Cancer
ZnO,0,100,273.4,-11.7,20,-3.608,-3.89,-7.2,5.67,24,0.00001,662.44,2.703,1.65,1.65,1.65,81.38,1,1,2,100.1126,nonToxic,SHSY5Y,Cancer
ZnO,0,100,273.4,-11.7,20,-3.608,-3.89,-7.2,5.67,24,10,662.44,2.703,1.65,1.65,1.65,81.38,1,1,2,79.8649,nonToxic,SHSY5Y,Cancer
ZnO,0,100,273.4,-11.7,20,-3.608,-3.89,-7.2,5.67,24,15,662.44,2.703,1.65,1.65,1.65,81.38,1,1,2,80.4054,nonToxic,SHSY5Y,Cancer
ZnO,0,100,273.4,-11.7,20,-3.608,-3.89,-7.2,5.67,24,20,662.44,2.703,1.65,1.65,1.65,81.38,1,1,2,73.0405,nonToxic,SHSY5Y,Cancer
ZnO,0,100,273.4,-11.7,20,-3.608,-3.89,-7.2,5.67,6,0.00001,662.44,2.703,1.65,1.65,1.65,81.38,1,1,2,100.2027,nonToxic,SHSY5Y,Cancer
ZnO,0,100,273.4,-11.7,20,-3.608,-3.89,-7.2,5.67,6,10,662.44,2.703,1.65,1.65,1.65,81.38,1,1,2,95.6081,nonToxic,SHSY5Y,Cancer
ZnO,0,100,273.4,-11.7,20,-3.608,-3.89,-7.2,5.67,6,15,662.44,2.703,1.65,1.65,1.65,81.38,1,1,2,86.2162,nonToxic,SHSY5Y,Cancer
ZnO,0,100,273.4,-11.7,20,-3.608,-3.89,-7.2,5.67,6,20,662.44,2.703,1.65,1.65,1.65,81.38,1,1,2,81.0811,nonToxic,SHSY5Y,Cancer
ZnO,0,100,273.4,-11.7,20,-3.608,-3.89,-7.2,5.67,6,25,662.44,2.703,1.65,1.65,1.65,81.38,1,1,2,72.3649,nonToxic,SHSY5Y,Cancer
ZnO,0,100,273.4,-11.7,20,-3.608,-3.89,-7.2,5.67,6,30,662.44,2.703,1.65,1.65,1.65,81.38,1,1,2,68.0405,nonToxic,SHSY5Y,Cancer
ZnO,0,100,273.4,-11.7,20,-3.608,-3.89,-7.2,5.67,6,35,662.44,2.703,1.65,1.65,1.65,81.38,1,1,2,60.7432,nonToxic,SHSY5Y,Cancer
ZnO,0,100,273.4,-11.7,20,-3.608,-3.89,-7.2,5.67,6,40,662.44,2.703,1.65,1.65,1.65,81.38,1,1,2,56.6892,nonToxic,SHSY5Y,Cancer
ZnO,0,100,273.4,-11.7,20,-3.608,-3.89,-7.2,5.67,3,0.00001,662.44,2.703,1.65,1.65,1.65,81.38,1,1,2,100.2703,nonToxic,SHSY5Y,Cancer
ZnO,0,100,273.4,-11.7,20,-3.608,-3.89,-7.2,5.67,3,10,662.44,2.703,1.65,1.65,1.65,81.38,1,1,2,97.3649,nonToxic,SHSY5Y,Cancer
ZnO,0,100,273.4,-11.7,20,-3.608,-3.89,-7.2,5.67,3,15,662.44,2.703,1.65,1.65,1.65,81.38,1,1,2,90.8784,nonToxic,SHSY5Y,Cancer
ZnO,0,100,273.4,-11.7,20,-3.608,-3.89,-7.2,5.67,3,20,662.44,2.703,1.65,1.65,1.65,81.38,1,1,2,89.6622,nonToxic,SHSY5Y,Cancer
ZnO,0,100,273.4,-11.7,20,-3.608,-3.89,-7.2,5.67,3,25,662.44,2.703,1.65,1.65,1.65,81.38,1,1,2,76.8018,nonToxic,SHSY5Y,Cancer
ZnO,0,100,273.4,-11.7,20,-3.608,-3.89,-7.2,5.67,3,30,662.44,2.703,1.65,1.65,1.65,81.38,1,1,2,71.036,nonToxic,SHSY5Y,Cancer
ZnO,0,100,273.4,-11.7,20,-3.608,-3.89,-7.2,5.67,3,35,662.44,2.703,1.65,1.65,1.65,81.38,1,1,2,64.6396,nonToxic,SHSY5Y,Cancer
ZnO,0,100,273.4,-11.7,20,-3.608,-3.89,-7.2,5.67,3,40,662.44,2.703,1.65,1.65,1.65,81.38,1,1,2,61.6667,nonToxic,SHSY5Y,Cancer
ZnO,0,86,687,31.3,7,-3.608,-3.89,-7.2,5.67,72,0.00001,662.44,2.703,1.65,1.65,1.65,81.38,1,1,2,101.5007,nonToxic,A549,Cancer
ZnO,0,86,687,31.3,7,-3.608,-3.89,-7.2,5.67,72,1.56,662.44,2.703,1.65,1.65,1.65,81.38,1,1,2,91.678,nonToxic,A549,Cancer
ZnO,0,86,687,31.3,7,-3.608,-3.89,-7.2,5.67,72,3.13,662.44,2.703,1.65,1.65,1.65,81.38,1,1,2,87.4215,nonToxic,A549,Cancer
ZnO,0,86,687,31.3,7,-3.608,-3.89,-7.2,5.67,72,6.25,662.44,2.703,1.65,1.65,1.65,81.38,1,1,2,67.94,nonToxic,A549,Cancer
ZnO,0,86,687,31.3,7,-3.608,-3.89,-7.2,5.67,24,0.00001,662.44,2.703,1.65,1.65,1.65,81.38,1,1,2,101.3115,nonToxic,A549,Cancer
ZnO,0,86,687,31.3,7,-3.608,-3.89,-7.2,5.67,24,1.56,662.44,2.703,1.65,1.65,1.65,81.38,1,1,2,98.0328,nonToxic,A549,Cancer
ZnO,0,86,687,31.3,7,-3.608,-3.89,-7.2,5.67,24,3.13,662.44,2.703,1.65,1.65,1.65,81.38,1,1,2,86.7213,nonToxic,A549,Cancer
ZnO,0,86,687,31.3,7,-3.608,-3.89,-7.2,5.67,24,6.25,662.44,2.703,1.65,1.65,1.65,81.38,1,1,2,78.8525,nonToxic,A549,Cancer
ZnO,0,86,687,31.3,7,-3.608,-3.89,-7.2,5.67,12,0.00001,662.44,2.703,1.65,1.65,1.65,81.38,1,1,2,101.3115,nonToxic,A549,Cancer
ZnO,0,86,687,31.3,7,-3.608,-3.89,-7.2,5.67,12,1.56,662.44,2.703,1.65,1.65,1.65,81.38,1,1,2,111.3115,nonToxic,A549,Cancer
ZnO,0,86,687,31.3,7,-3.608,-3.89,-7.2,5.67,12,3.13,662.44,2.703,1.65,1.65,1.65,81.38,1,1,2,91.3115,nonToxic,A549,Cancer
ZnO,0,86,687,31.3,7,-3.608,-3.89,-7.2,5.67,12,6.25,662.44,2.703,1.65,1.65,1.65,81.38,1,1,2,88.0328,nonToxic,A549,Cancer
ZnO,0,86,687,31.3,7,-3.608,-3.89,-7.2,5.67,12,12.5,662.44,2.703,1.65,1.65,1.65,81.38,1,1,2,89.0164,nonToxic,A549,Cancer
ZnO,0,86,687,31.3,7,-3.608,-3.89,-7.2,5.67,12,25,662.44,2.703,1.65,1.65,1.65,81.38,1,1,2,55.9016,nonToxic,A549,Cancer
ZnO,0,86,687,31.3,7,-3.608,-3.89,-7.2,5.67,12,50,662.44,2.703,1.65,1.65,1.65,81.38,1,1,2,51.9672,nonToxic,A549,Cancer
ZnO,0,52,640,29.4,15,-3.608,-3.89,-7.2,5.67,72,0.00001,662.44,2.703,1.65,1.65,1.65,81.38,1,1,2,101.337,nonToxic,A549,Cancer
ZnO,0,52,640,29.4,15,-3.608,-3.89,-7.2,5.67,72,1.56,662.44,2.703,1.65,1.65,1.65,81.38,1,1,2,85.457,nonToxic,A549,Cancer
ZnO,0,52,640,29.4,15,-3.608,-3.89,-7.2,5.67,72,3.13,662.44,2.703,1.65,1.65,1.65,81.38,1,1,2,83.8199,nonToxic,A549,Cancer
ZnO,0,52,640,29.4,15,-3.608,-3.89,-7.2,5.67,72,6.25,662.44,2.703,1.65,1.65,1.65,81.38,1,1,2,64.0109,nonToxic,A549,Cancer
ZnO,0,52,640,29.4,15,-3.608,-3.89,-7.2,5.67,24,0.00001,662.44,2.703,1.65,1.65,1.65,81.38,1,1,2,101.3115,nonToxic,A549,Cancer
ZnO,0,52,640,29.4,15,-3.608,-3.89,-7.2,5.67,24,1.56,662.44,2.703,1.65,1.65,1.65,81.38,1,1,2,99.1803,nonToxic,A549,Cancer
ZnO,0,52,640,29.4,15,-3.608,-3.89,-7.2,5.67,24,3.13,662.44,2.703,1.65,1.65,1.65,81.38,1,1,2,88.6885,nonToxic,A549,Cancer
ZnO,0,52,640,29.4,15,-3.608,-3.89,-7.2,5.67,24,6.25,662.44,2.703,1.65,1.65,1.65,81.38,1,1,2,81.4754,nonToxic,A549,Cancer
ZnO,0,52,640,29.4,15,-3.608,-3.89,-7.2,5.67,12,0.00001,662.44,2.703,1.65,1.65,1.65,81.38,1,1,2,101.1475,nonToxic,A549,Cancer
ZnO,0,52,640,29.4,15,-3.608,-3.89,-7.2,5.67,12,1.56,662.44,2.703,1.65,1.65,1.65,81.38,1,1,2,111.2295,nonToxic,A549,Cancer
ZnO,0,52,640,29.4,15,-3.608,-3.89,-7.2,5.67,12,3.13,662.44,2.703,1.65,1.65,1.65,81.38,1,1,2,106.3115,nonToxic,A549,Cancer
ZnO,0,52,640,29.4,15,-3.608,-3.89,-7.2,5.67,12,6.25,662.44,2.703,1.65,1.65,1.65,81.38,1,1,2,106.5574,nonToxic,A549,Cancer
ZnO,0,52,640,29.4,15,-3.608,-3.89,-7.2,5.67,12,12.5,662.44,2.703,1.65,1.65,1.65,81.38,1,1,2,73.4426,nonToxic,A549,Cancer
ZnO,0,52,640,29.4,15,-3.608,-3.89,-7.2,5.67,12,25,662.44,2.703,1.65,1.65,1.65,81.38,1,1,2,55.6557,nonToxic,A549,Cancer
ZnO,0,52,640,29.4,15,-3.608,-3.89,-7.2,5.67,12,50,662.44,2.703,1.65,1.65,1.65,81.38,1,1,2,54.5902,nonToxic,A549,Cancer
ZnO,0,7.5,795,27.4,90,-3.608,-3.89,-7.2,5.67,72,0.00001,662.44,2.703,1.65,1.65,1.65,81.38,1,1,2,101.4501,nonToxic,A549,Cancer
ZnO,0,7.5,795,27.4,90,-3.608,-3.89,-7.2,5.67,72,1.56,662.44,2.703,1.65,1.65,1.65,81.38,1,1,2,78.3037,nonToxic,A549,Cancer
ZnO,0,7.5,795,27.4,90,-3.608,-3.89,-7.2,5.67,72,3.13,662.44,2.703,1.65,1.65,1.65,81.38,1,1,2,68.7825,nonToxic,A549,Cancer
ZnO,0,7.5,795,27.4,90,-3.608,-3.89,-7.2,5.67,72,6.25,662.44,2.703,1.65,1.65,1.65,81.38,1,1,2,58.6046,nonToxic,A549,Cancer
ZnO,0,7.5,795,27.4,90,-3.608,-3.89,-7.2,5.67,24,0.00001,662.44,2.703,1.65,1.65,1.65,81.38,1,1,2,101.6644,nonToxic,A549,Cancer
ZnO,0,7.5,795,27.4,90,-3.608,-3.89,-7.2,5.67,24,1.56,662.44,2.703,1.65,1.65,1.65,81.38,1,1,2,99.3724,nonToxic,A549,Cancer
ZnO,0,7.5,795,27.4,90,-3.608,-3.89,-7.2,5.67,24,3.13,662.44,2.703,1.65,1.65,1.65,81.38,1,1,2,90.8595,nonToxic,A549,Cancer
ZnO,0,7.5,795,27.4,90,-3.608,-3.89,-7.2,5.67,24,6.25,662.44,2.703,1.65,1.65,1.65,81.38,1,1,2,78.7449,nonToxic,A549,Cancer
ZnO,0,7.5,795,27.4,90,-3.608,-3.89,-7.2,5.67,24,12.5,662.44,2.703,1.65,1.65,1.65,81.38,1,1,2,63.8472,nonToxic,A549,Cancer
ZnO,0,7.5,795,27.4,90,-3.608,-3.89,-7.2,5.67,12,0.00001,662.44,2.703,1.65,1.65,1.65,81.38,1,1,2,100.9756,nonToxic,A549,Cancer
ZnO,0,7.5,795,27.4,90,-3.608,-3.89,-7.2,5.67,12,1.56,662.44,2.703,1.65,1.65,1.65,81.38,1,1,2,99.8374,nonToxic,A549,Cancer
ZnO,0,7.5,795,27.4,90,-3.608,-3.89,-7.2,5.67,12,3.13,662.44,2.703,1.65,1.65,1.65,81.38,1,1,2,84.878,nonToxic,A549,Cancer
ZnO,0,7.5,795,27.4,90,-3.608,-3.89,-7.2,5.67,12,6.25,662.44,2.703,1.65,1.65,1.65,81.38,1,1,2,84.065,nonToxic,A549,Cancer
ZnO,0,7.5,795,27.4,90,-3.608,-3.89,-7.2,5.67,12,12.5,662.44,2.703,1.65,1.65,1.65,81.38,1,1,2,79.187,nonToxic,A549,Cancer
ZnO,0,32,1093,21.6,37,-3.608,-3.89,-7.2,5.67,72,0.00001,662.44,2.703,1.65,1.65,1.65,81.38,1,1,2,102.2896,nonToxic,A549,Cancer
ZnO,0,32,1093,21.6,37,-3.608,-3.89,-7.2,5.67,72,1.56,662.44,2.703,1.65,1.65,1.65,81.38,1,1,2,80.6069,nonToxic,A549,Cancer
ZnO,0,32,1093,21.6,37,-3.608,-3.89,-7.2,5.67,72,3.13,662.44,2.703,1.65,1.65,1.65,81.38,1,1,2,72,nonToxic,A549,Cancer
ZnO,0,32,1093,21.6,37,-3.608,-3.89,-7.2,5.67,72,6.25,662.44,2.703,1.65,1.65,1.65,81.38,1,1,2,69.3517,nonToxic,A549,Cancer
ZnO,0,32,1093,21.6,37,-3.608,-3.89,-7.2,5.67,24,0.00001,662.44,2.703,1.65,1.65,1.65,81.38,1,1,2,101.4433,nonToxic,A549,Cancer
ZnO,0,32,1093,21.6,37,-3.608,-3.89,-7.2,5.67,24,1.56,662.44,2.703,1.65,1.65,1.65,81.38,1,1,2,88.0825,nonToxic,A549,Cancer
ZnO,0,32,1093,21.6,37,-3.608,-3.89,-7.2,5.67,24,3.13,662.44,2.703,1.65,1.65,1.65,81.38,1,1,2,80.6598,nonToxic,A549,Cancer
ZnO,0,32,1093,21.6,37,-3.608,-3.89,-7.2,5.67,24,6.25,662.44,2.703,1.65,1.65,1.65,81.38,1,1,2,79.4227,nonToxic,A549,Cancer
ZnO,0,32,1093,21.6,37,-3.608,-3.89,-7.2,5.67,24,12.5,662.44,2.703,1.65,1.65,1.65,81.38,1,1,2,76.4536,nonToxic,A549,Cancer
ZnO,0,32,1093,21.6,37,-3.608,-3.89,-7.2,5.67,12,0.00001,662.44,2.703,1.65,1.65,1.65,81.38,1,1,2,100.8197,nonToxic,A549,Cancer
ZnO,0,32,1093,21.6,37,-3.608,-3.89,-7.2,5.67,12,1.56,662.44,2.703,1.65,1.65,1.65,81.38,1,1,2,102.2951,nonToxic,A549,Cancer
ZnO,0,32,1093,21.6,37,-3.608,-3.89,-7.2,5.67,12,3.13,662.44,2.703,1.65,1.65,1.65,81.38,1,1,2,93.4426,nonToxic,A549,Cancer
ZnO,0,32,1093,21.6,37,-3.608,-3.89,-7.2,5.67,12,6.25,662.44,2.703,1.65,1.65,1.65,81.38,1,1,2,94.918,nonToxic,A549,Cancer
ZnO,0,32,1093,21.6,37,-3.608,-3.89,-7.2,5.67,12,12.5,662.44,2.703,1.65,1.65,1.65,81.38,1,1,2,98.1148,nonToxic,A549,Cancer
ZnO,0,32,1093,21.6,37,-3.608,-3.89,-7.2,5.67,12,25,662.44,2.703,1.65,1.65,1.65,81.38,1,1,2,55.8197,nonToxic,A549,Cancer
ZnO,0,35.6,295.5,-41.6,27.9,-3.608,-3.89,-7.2,5.67,24,0.1,662.44,2.703,1.65,1.65,1.65,81.38,1,1,2,99.3899,nonToxic,SW480,Cancer
ZnO,0,35.6,295.5,-41.6,27.9,-3.608,-3.89,-7.2,5.67,24,0.1,662.44,2.703,1.65,1.65,1.65,81.38,1,1,2,83.9423,nonToxic,SW480,Cancer
ZnO,0,35.6,236,-41.6,27.9,-3.608,-3.89,-7.2,5.67,24,0.1,662.44,2.703,1.65,1.65,1.65,81.38,1,1,2,111.7895,nonToxic,Caco2,Cancer
ZnO,0,35.6,236,-41.6,27.9,-3.608,-3.89,-7.2,5.67,24,1,662.44,2.703,1.65,1.65,1.65,81.38,1,1,2,109.2632,nonToxic,Caco2,Cancer
ZnO,0,35.6,236,-41.6,27.9,-3.608,-3.89,-7.2,5.67,24,0.1,662.44,2.703,1.65,1.65,1.65,81.38,1,1,2,87.2481,nonToxic,Caco2,Cancer
ZnO,0,35.6,236,-41.6,27.9,-3.608,-3.89,-7.2,5.67,24,1,662.44,2.703,1.65,1.65,1.65,81.38,1,1,2,65.2331,nonToxic,Caco2,Cancer
ZnO,0,35.6,295.5,-41.6,27.9,-3.608,-3.89,-7.2,5.67,48,0.1,662.44,2.703,1.65,1.65,1.65,81.38,1,1,2,114.2285,nonToxic,SW480,Cancer
ZnO,0,35.6,295.5,-41.6,27.9,-3.608,-3.89,-7.2,5.67,48,1,662.44,2.703,1.65,1.65,1.65,81.38,1,1,2,107.8156,nonToxic,SW480,Cancer
ZnO,0,35.6,295.5,-41.6,27.9,-3.608,-3.89,-7.2,5.67,24,0.1,662.44,2.703,1.65,1.65,1.65,81.38,1,1,2,102.2712,nonToxic,SW480,Cancer
ZnO,0,35.6,236,-41.6,27.9,-3.608,-3.89,-7.2,5.67,48,0.1,662.44,2.703,1.65,1.65,1.65,81.38,1,1,2,119.2404,nonToxic,Caco2,Cancer
ZnO,0,35.6,236,-41.6,27.9,-3.608,-3.89,-7.2,5.67,48,1,662.44,2.703,1.65,1.65,1.65,81.38,1,1,2,127.4363,nonToxic,Caco2,Cancer
ZnO,0,35.6,236,-41.6,27.9,-3.608,-3.89,-7.2,5.67,48,10,662.44,2.703,1.65,1.65,1.65,81.38,1,1,2,116.3751,nonToxic,Caco2,Cancer
ZnO,0,35.6,236,-41.6,27.9,-3.608,-3.89,-7.2,5.67,24,0.1,662.44,2.703,1.65,1.65,1.65,81.38,1,1,2,86.8566,nonToxic,Caco2,Cancer
ZnO,0,35.6,236,-41.6,27.9,-3.608,-3.89,-7.2,5.67,24,1,662.44,2.703,1.65,1.65,1.65,81.38,1,1,2,84.4578,nonToxic,Caco2,Cancer
CuO,1,46.3,239,42.8,24.1,-1.609,-5.17,-6.51,5.87,24,10,713.74,2.74,1.9,1.9,1.9,79.546,1,1,2,43.299,Toxic,HCMEC,Normal
CuO,1,46.3,239,42.8,24.1,-1.609,-5.17,-6.51,5.87,24,20,713.74,2.74,1.9,1.9,1.9,79.546,1,1,2,15.2062,Toxic,HCMEC,Normal
CuO,1,46.3,239,42.8,24.1,-1.609,-5.17,-6.51,5.87,24,50,713.74,2.74,1.9,1.9,1.9,79.546,1,1,2,13.6598,Toxic,HCMEC,Normal
CuO,1,46.3,239,42.8,24.1,-1.609,-5.17,-6.51,5.87,24,100,713.74,2.74,1.9,1.9,1.9,79.546,1,1,2,13.6598,Toxic,HCMEC,Normal
CuO,1,46.3,239,42.8,24.1,-1.609,-5.17,-6.51,5.87,12,20,713.74,2.74,1.9,1.9,1.9,79.546,1,1,2,44.4828,Toxic,HCMEC,Normal
CuO,1,46.3,239,42.8,24.1,-1.609,-5.17,-6.51,5.87,12,50,713.74,2.74,1.9,1.9,1.9,79.546,1,1,2,15.7759,Toxic,HCMEC,Normal
CuO,1,46.3,239,42.8,24.1,-1.609,-5.17,-6.51,5.87,12,100,713.74,2.74,1.9,1.9,1.9,79.546,1,1,2,13.9655,Toxic,HCMEC,Normal
TiO2,1,125,1054,-40.8,38,-9.779,-4.16,-7.49,5.77,72,50,1575.73,6.557,1.54,1.54,0.77,79.86,1,2,4,44.5109,Toxic,A549,Cancer
ZnO,1,45.3,310,32.7,21.3,-3.608,-3.89,-7.2,5.67,24,20,662.44,2.703,1.65,1.65,1.65,81.38,1,1,2,43.7824,Toxic,HCMEC,Normal
ZnO,1,45.3,310,32.7,21.3,-3.608,-3.89,-7.2,5.67,24,50,662.44,2.703,1.65,1.65,1.65,81.38,1,1,2,28.7565,Toxic,HCMEC,Normal
ZnO,1,45.3,310,32.7,21.3,-3.608,-3.89,-7.2,5.67,24,100,662.44,2.703,1.65,1.65,1.65,81.38,1,1,2,22.5389,Toxic,HCMEC,Normal
ZnO,1,45.3,310,32.7,21.3,-3.608,-3.89,-7.2,5.67,12,50,662.44,2.703,1.65,1.65,1.65,81.38,1,1,2,36.6234,Toxic,HCMEC,Normal
ZnO,1,45.3,310,32.7,21.3,-3.608,-3.89,-7.2,5.67,12,100,662.44,2.703,1.65,1.65,1.65,81.38,1,1,2,33.5065,Toxic,HCMEC,Normal
ZnO,1,115,360,-10,14.4,-3.608,-3.89,-7.2,5.67,24,30,662.44,2.703,1.65,1.65,1.65,81.38,1,1,2,36.16,Toxic,HONDC,Normal
ZnO,1,115,360,-10,14.4,-3.608,-3.89,-7.2,5.67,24,50,662.44,2.703,1.65,1.65,1.65,81.38,1,1,2,27.54,Toxic,HONDC,Normal
ZnO,1,115,360,-10,14.4,-3.608,-3.89,-7.2,5.67,24,80,662.44,2.703,1.65,1.65,1.65,81.38,1,1,2,30.17,Toxic,HONDC,Normal
ZnO,1,115,500,-9,14.5,-3.608,-3.89,-7.2,5.67,24,50,662.44,2.703,1.65,1.65,1.65,81.38,1,1,2,28.26,Toxic,HONDC,Normal
ZnO,1,115,500,-9,14.5,-3.608,-3.89,-7.2,5.67,24,80,662.44,2.703,1.65,1.65,1.65,81.38,1,1,2,29.46,Toxic,HONDC,Normal
ZnO,1,115,360,-10,14.4,-3.608,-3.89,-7.2,5.67,24,30,662.44,2.703,1.65,1.65,1.65,81.38,1,1,2,20.14,Toxic,HONDC,Normal
ZnO,1,115,360,-10,14.4,-3.608,-3.89,-7.2,5.67,24,50,662.44,2.703,1.65,1.65,1.65,81.38,1,1,2,-1.43,Toxic,HONDC,Normal
ZnO,1,115,360,-10,14.4,-3.608,-3.89,-7.2,5.67,24,80,662.44,2.703,1.65,1.65,1.65,81.38,1,1,2,2.877,Toxic,HONDC,Normal
ZnO,1,115,500,-9,14.5,-3.608,-3.89,-7.2,5.67,24,30,662.44,2.703,1.65,1.65,1.65,81.38,1,1,2,26.76,Toxic,HONDC,Normal
ZnO,1,115,500,-9,14.5,-3.608,-3.89,-7.2,5.67,24,50,662.44,2.703,1.65,1.65,1.65,81.38,1,1,2,1.438,Toxic,HONDC,Normal
ZnO,1,115,500,-9,14.5,-3.608,-3.89,-7.2,5.67,24,80,662.44,2.703,1.65,1.65,1.65,81.38,1,1,2,1.35,Toxic,HONDC,Normal
ZnO,1,60,329,-9.3,7.34,-3.608,-3.89,-7.2,5.67,24,40,662.44,2.703,1.65,1.65,1.65,81.38,1,1,2,31.6136,Toxic,A549,Cancer
ZnO,1,60,329,-9.3,7.34,-3.608,-3.89,-7.2,5.67,24,80,662.44,2.703,1.65,1.65,1.65,81.38,1,1,2,15.2919,Toxic,A549,Cancer
ZnO,1,60,320,-7.5,7.34,-3.608,-3.89,-7.2,5.67,24,20,662.44,2.703,1.65,1.65,1.65,81.38,1,1,2,38.9018,Toxic,A549,Cancer
ZnO,1,60,320,-7.5,7.34,-3.608,-3.89,-7.2,5.67,24,40,662.44,2.703,1.65,1.65,1.65,81.38,1,1,2,23.9147,Toxic,A549,Cancer
ZnO,1,60,320,-7.5,7.34,-3.608,-3.89,-7.2,5.67,24,80,662.44,2.703,1.65,1.65,1.65,81.38,1,1,2,10.8779,Toxic,A549,Cancer
ZnO,1,60,936,-2.4,7.34,-3.608,-3.89,-7.2,5.67,24,20,662.44,2.703,1.65,1.65,1.65,81.38,1,1,2,23.4014,Toxic,A549,Cancer
ZnO,1,60,936,-2.4,7.34,-3.608,-3.89,-7.2,5.67,24,40,662.44,2.703,1.65,1.65,1.65,81.38,1,1,2,9.8514,Toxic,A549,Cancer
ZnO,1,60,936,-2.4,7.34,-3.608,-3.89,-7.2,5.67,24,80,662.44,2.703,1.65,1.65,1.65,81.38,1,1,2,10.9805,Toxic,A549,Cancer
ZnO,1,100,273.4,-11.7,20,-3.608,-3.89,-7.2,5.67,24,80,662.44,2.703,1.65,1.65,1.65,81.38,1,1,2,49.9397,Toxic,SHSY5Y,Cancer
ZnO,1,100,273.4,-11.7,20,-3.608,-3.89,-7.2,5.67,48,25,662.44,2.703,1.65,1.65,1.65,81.38,1,1,2,9.8311,Toxic,SHSY5Y,Cancer
ZnO,1,100,273.4,-11.7,20,-3.608,-3.89,-7.2,5.67,48,30,662.44,2.703,1.65,1.65,1.65,81.38,1,1,2,8.5811,Toxic,SHSY5Y,Cancer
ZnO,1,100,273.4,-11.7,20,-3.608,-3.89,-7.2,5.67,48,35,662.44,2.703,1.65,1.65,1.65,81.38,1,1,2,7.2973,Toxic,SHSY5Y,Cancer
ZnO,1,100,273.4,-11.7,20,-3.608,-3.89,-7.2,5.67,48,40,662.44,2.703,1.65,1.65,1.65,81.38,1,1,2,7.0721,Toxic,SHSY5Y,Cancer
ZnO,1,100,273.4,-11.7,20,-3.608,-3.89,-7.2,5.67,24,25,662.44,2.703,1.65,1.65,1.65,81.38,1,1,2,15.1351,Toxic,SHSY5Y,Cancer
ZnO,1,100,273.4,-11.7,20,-3.608,-3.89,-7.2,5.67,24,30,662.44,2.703,1.65,1.65,1.65,81.38,1,1,2,11.7568,Toxic,SHSY5Y,Cancer
ZnO,1,100,273.4,-11.7,20,-3.608,-3.89,-7.2,5.67,24,35,662.44,2.703,1.65,1.65,1.65,81.38,1,1,2,9.7973,Toxic,SHSY5Y,Cancer
ZnO,1,100,273.4,-11.7,20,-3.608,-3.89,-7.2,5.67,24,40,662.44,2.703,1.65,1.65,1.65,81.38,1,1,2,8.8514,Toxic,SHSY5Y,Cancer
ZnO,1,100,273.4,-11.7,20,-3.608,-3.89,-7.2,5.67,24,80,662.44,2.703,1.65,1.65,1.65,81.38,1,1,2,-3.8739,Toxic,SHSY5Y,Cancer
ZnO,1,100,273.4,-11.7,20,-3.608,-3.89,-7.2,5.67,6,80,662.44,2.703,1.65,1.65,1.65,81.38,1,1,2,30,Toxic,SHSY5Y,Cancer
ZnO,1,100,273.4,-11.7,20,-3.608,-3.89,-7.2,5.67,3,80,662.44,2.703,1.65,1.65,1.65,81.38,1,1,2,48.2432,Toxic,SHSY5Y,Cancer
ZnO,1,86,687,31.3,7,-3.608,-3.89,-7.2,5.67,72,12.5,662.44,2.703,1.65,1.65,1.65,81.38,1,1,2,4.7476,Toxic,A549,Cancer
ZnO,1,86,687,31.3,7,-3.608,-3.89,-7.2,5.67,72,25,662.44,2.703,1.65,1.65,1.65,81.38,1,1,2,2.292,Toxic,A549,Cancer
ZnO,1,86,687,31.3,7,-3.608,-3.89,-7.2,5.67,72,50,662.44,2.703,1.65,1.65,1.65,81.38,1,1,2,7.367,Toxic,A549,Cancer
ZnO,1,86,687,31.3,7,-3.608,-3.89,-7.2,5.67,24,12.5,662.44,2.703,1.65,1.65,1.65,81.38,1,1,2,25.082,Toxic,A549,Cancer
ZnO,1,86,687,31.3,7,-3.608,-3.89,-7.2,5.67,24,25,662.44,2.703,1.65,1.65,1.65,81.38,1,1,2,5.2459,Toxic,A549,Cancer
ZnO,1,86,687,31.3,7,-3.608,-3.89,-7.2,5.67,24,50,662.44,2.703,1.65,1.65,1.65,81.38,1,1,2,8.6066,Toxic,A549,Cancer
ZnO,1,52,640,29.4,15,-3.608,-3.89,-7.2,5.67,72,12.5,662.44,2.703,1.65,1.65,1.65,81.38,1,1,2,2.4557,Toxic,A549,Cancer
ZnO,1,52,640,29.4,15,-3.608,-3.89,-7.2,5.67,72,25,662.44,2.703,1.65,1.65,1.65,81.38,1,1,2,1.9645,Toxic,A549,Cancer
ZnO,1,52,640,29.4,15,-3.608,-3.89,-7.2,5.67,72,50,662.44,2.703,1.65,1.65,1.65,81.38,1,1,2,4.2565,Toxic,A549,Cancer
ZnO,1,52,640,29.4,15,-3.608,-3.89,-7.2,5.67,24,12.5,662.44,2.703,1.65,1.65,1.65,81.38,1,1,2,17.8688,Toxic,A549,Cancer
ZnO,1,52,640,29.4,15,-3.608,-3.89,-7.2,5.67,24,25,662.44,2.703,1.65,1.65,1.65,81.38,1,1,2,4.7541,Toxic,A549,Cancer
ZnO,1,52,640,29.4,15,-3.608,-3.89,-7.2,5.67,24,50,662.44,2.703,1.65,1.65,1.65,81.38,1,1,2,4.4262,Toxic,A549,Cancer
ZnO,1,7.5,795,27.4,90,-3.608,-3.89,-7.2,5.67,72,12.5,662.44,2.703,1.65,1.65,1.65,81.38,1,1,2,34.6375,Toxic,A549,Cancer
ZnO,1,7.5,795,27.4,90,-3.608,-3.89,-7.2,5.67,72,25,662.44,2.703,1.65,1.65,1.65,81.38,1,1,2,1.4364,Toxic,A549,Cancer
ZnO,1,7.5,795,27.4,90,-3.608,-3.89,-7.2,5.67,72,50,662.44,2.703,1.65,1.65,1.65,81.38,1,1,2,3.2832,Toxic,A549,Cancer
ZnO,1,7.5,795,27.4,90,-3.608,-3.89,-7.2,5.67,24,25,662.44,2.703,1.65,1.65,1.65,81.38,1,1,2,15.5525,Toxic,A549,Cancer
ZnO,1,7.5,795,27.4,90,-3.608,-3.89,-7.2,5.67,24,50,662.44,2.703,1.65,1.65,1.65,81.38,1,1,2,2.292,Toxic,A549,Cancer
ZnO,1,7.5,795,27.4,90,-3.608,-3.89,-7.2,5.67,12,25,662.44,2.703,1.65,1.65,1.65,81.38,1,1,2,35.6098,Toxic,A549,Cancer
ZnO,1,7.5,795,27.4,90,-3.608,-3.89,-7.2,5.67,12,50,662.44,2.703,1.65,1.65,1.65,81.38,1,1,2,21.626,Toxic,A549,Cancer
ZnO,1,32,1093,21.6,37,-3.608,-3.89,-7.2,5.67,72,12.5,662.44,2.703,1.65,1.65,1.65,81.38,1,1,2,11.7517,Toxic,A549,Cancer
ZnO,1,32,1093,21.6,37,-3.608,-3.89,-7.2,5.67,72,25,662.44,2.703,1.65,1.65,1.65,81.38,1,1,2,3.5586,Toxic,A549,Cancer
ZnO,1,32,1093,21.6,37,-3.608,-3.89,-7.2,5.67,72,50,662.44,2.703,1.65,1.65,1.65,81.38,1,1,2,4.3035,Toxic,A549,Cancer
ZnO,1,32,1093,21.6,37,-3.608,-3.89,-7.2,5.67,24,25,662.44,2.703,1.65,1.65,1.65,81.38,1,1,2,45.2784,Toxic,A549,Cancer
ZnO,1,32,1093,21.6,37,-3.608,-3.89,-7.2,5.67,24,50,662.44,2.703,1.65,1.65,1.65,81.38,1,1,2,6.6804,Toxic,A549,Cancer
ZnO,1,32,1093,21.6,37,-3.608,-3.89,-7.2,5.67,12,50,662.44,2.703,1.65,1.65,1.65,81.38,1,1,2,24.3443,Toxic,A549,Cancer
ZnO,1,35.6,295.5,-41.6,27.9,-3.608,-3.89,-7.2,5.67,24,10,662.44,2.703,1.65,1.65,1.65,81.38,1,1,2,16.6812,Toxic,SW480,Cancer
ZnO,1,35.6,295.5,-41.6,27.9,-3.608,-3.89,-7.2,5.67,24,100,662.44,2.703,1.65,1.65,1.65,81.38,1,1,2,15.3939,Toxic,SW480,Cancer
ZnO,1,35.6,295.5,-41.6,27.9,-3.608,-3.89,-7.2,5.67,24,10,662.44,2.703,1.65,1.65,1.65,81.38,1,1,2,26.3359,Toxic,SW480,Cancer
ZnO,1,35.6,295.5,-41.6,27.9,-3.608,-3.89,-7.2,5.67,24,100,662.44,2.703,1.65,1.65,1.65,81.38,1,1,2,18.6121,Toxic,SW480,Cancer
ZnO,1,35.6,295.5,-41.6,27.9,-3.608,-3.89,-7.2,5.67,48,10,662.44,2.703,1.65,1.65,1.65,81.38,1,1,2,3.3066,Toxic,SW480,Cancer
ZnO,1,35.6,295.5,-41.6,27.9,-3.608,-3.89,-7.2,5.67,48,100,662.44,2.703,1.65,1.65,1.65,81.38,1,1,2,4.8096,Toxic,SW480,Cancer
ZnO,1,35.6,295.5,-41.6,27.9,-3.608,-3.89,-7.2,5.67,24,10,662.44,2.703,1.65,1.65,1.65,81.38,1,1,2,2.004,Toxic,SW480,Cancer
ZnO,1,35.6,295.5,-41.6,27.9,-3.608,-3.89,-7.2,5.67,24,100,662.44,2.703,1.65,1.65,1.65,81.38,1,1,2,0.4008,Toxic,SW480,Cancer
ZnO,1,35.6,236,-41.6,27.9,-3.608,-3.89,-7.2,5.67,48,100,662.44,2.703,1.65,1.65,1.65,81.38,1,1,2,40.8796,Toxic,Caco2,Cancer